protein,cluster,probability
pres_Hhv9IPMxhpX1KyrAsAxg,0,0.9028125667191715
pres_halGIRObYHf2ivFpg1VH,0,0.7935268700294527
pres_elpGYPyfgXkDBErfWQZ0,0,0.8345204428267299
pres_UlNECoB6VM54I4Zj940k,0,0.8446141556586507
pres_vnWUVgft1pYdbRCJMjzN,0,0.671411505921933
pres_5ZE6azhfnGFQbMUrdjhC,0,0.921726636516705
pres_OVRuVrpooZU0tuOmKd4P,0,0.9584391133926053
pres_8SMTLBqssqPgrDFuBWPs,0,0.6968762540240481
pres_y1QW78VkRWWIYHUOw6A7,0,1.0
pres_KUFuQKixu8sIFMYY60Le,0,0.8524151440546565
pres_g3nvy5dhGD3z6qi6ww4e,0,0.8523959224255643
pres_65mVclxXExq60wDxdyON,0,0.7645580452503262
pres_Ly3ymwzKfh55NGBmChyT,0,0.8705249020634606
pres_SoLS0SRvn5rmFKDJhyG1,0,0.8010071906762194
pres_1mT21JepXkYMLBMQPbT1,0,0.7549510112380652
pres_YhjqmGpMmFY27BX4eSZY,0,0.8890083416474382
pres_18Z6khpmHBySbZkdH4Ls,0,0.7453297182131481
pres_ltvRiaiKtbUm49e0j7jf,0,0.8040226265640318
pres_bZWk08PTWv61RDVprfO2,-1,0.0
pres_RT5ouYrLo4jh7A2Zu9JL,0,0.8079314131059382
pres_TNuB5heRaPw4PRgDAmtg,0,0.8136098668008518
pres_jAuy2G8cOdj0IPLptZLw,0,0.7251993651063401
pres_pLwM3RrHXQSd1lLGnfFk,0,0.7329159794137273
pres_YYmfbnjhAJeqUf8MmVnv,0,0.908284082779202
pres_euXjV4pza0VsouK4ciZ3,0,0.8160223436073748
pres_x8xnnKefsH3Y6wyf24Pq,0,0.8276861604893506
pres_b4X4Tv67FbpV6WmO4oJd,0,0.7788041872955831
pres_kmQ4zHeunh5DkhjNwssi,0,0.9390093165222886
pres_k3gxBHEa0RVxgrZz8Ofc,-1,0.0
pres_8Uizxa7U9e0B3uojOJPV,0,0.973993854125071
pres_xzAMLxeAugPyKtQ2ozES,0,0.8970808380885498
pres_F3idjjQEqDchpd8nHE92,0,0.8897401849449418
pres_juU7INkumTdM4JcBqYwK,0,0.6877372601322727
pres_SEE1JS1IQtwpakQPOToP,0,0.8471605109561791
pres_e2X4uFbBQ8JrTsAq7Izq,0,0.6803091012136581
pres_ag0txESA3YLJu3oohC04,0,0.7304086980939559
pres_TD7TdFsKvGLyYUXZe4q5,0,0.8249168632550783
pres_ng97gSjgGl25ahJRAYsf,-1,0.0
pres_QDYdG3OOe39QLdJHwDCG,0,0.8432734253340405
pres_0ZjtNRejwy8QrO3PGH55,0,0.836133153502006
pres_DxA8W0NfKHvbQ05umY8V,0,1.0
pres_WTj4V0Y5iBOzOy3VBtdW,0,0.9313568865359535
pres_Gn87eIa81Qm1ysiOtjZt,0,0.7858945613008776
pres_LCZyVg8kiqpy5JbYonl7,0,0.779200542153951
pres_ywFunDL5LQD35zlvpo9A,0,0.7865915259148746
pres_AqTMDRfFkUqA8Tysq2uI,0,0.8527350851221278
pres_IRJJR22LCz4o0cGi1iGb,0,0.9620479738089268
pres_RDJ50NnTYbcROUYnt1Rb,0,0.7264200501056365
pres_aWsuIGeG6FkuACE9X8gw,0,0.7887538918365113
pres_3bXphqrpNAKOu05u6qsz,0,1.0
pres_NxfDb4TKHMRMmY7UBSmK,0,0.7423819646074482
pres_DFzyVVtt0YE5RX2nMMAE,0,0.874589153536812
pres_6FEvFSVgcFMJCYEtlW7R,0,0.9086148042441781
pres_hGNOrKZ28b3BXh13a3Fk,0,0.7386949834047866
pres_gacQ8FOQEOpHE8zrxioN,0,0.7787810780146299
pres_y8Kd6McDYUBi0jFtNRCl,0,0.8602335387073045
pres_Un5ErxMeEWpvD9Z1TgR0,0,0.8283529403551649
pres_8sajc57drTFp4WX5Ebij,0,1.0
pres_KR6O6RgTkDHZlH4av9Fo,0,0.7439649863542965
pres_bH7uXF7g8nhF3SWBx9rL,0,0.9606251937837149
pres_olQvBBSGgPuPyrgxWR1e,0,0.79405292370903
pres_rTe23I3HEuiYY8An5lEK,-1,0.0
pres_xUES1Zi06YmjnM5DiLHq,0,0.7663544641561815
pres_N2coEHBtjvkggCetUbwX,-1,0.0
pres_glUAGEcExT4ty1FnL02P,0,0.7218283621008307
pres_8IgQ5B2t7lLVKG05ZsHq,0,0.9703658098426494
pres_LSjnnO7tx49nARlhG3cr,0,0.727469150766991
pres_ktQiSUC5kXRwmIeutkzN,0,0.9390641359226999
pres_u0pXGRdwVOVbST7aTdAC,0,0.7910513779472916
pres_jkqMJBiTnWeG9iWeccc9,0,0.7209524807511472
pres_JAmq1wjVI2dQUNoew89r,0,0.755075704746002
pres_z6ywEWqmloIU9W5hUDuY,0,0.8436417722911663
pres_wVXWtZPZCkO2vCLfLJZW,0,0.7882411417598474
pres_6kiXcE7SmogjfJoGyiDd,0,0.7046557020810545
pres_M4Nu4RwL6jGLqvdlqDyu,0,0.7701375665092759
pres_HR77zE1PWLQRuDAlbbfc,0,0.8822274105435112
pres_AC8lMFabSF0JTP1XSJ10,-1,0.0
pres_4ysqjgE2p70ozamnhzCM,0,0.811627363883005
pres_bOfYNFLpNLKMtb7CkZ90,0,0.742344750333929
pres_U1JYLEbVYLzA0n669YYV,0,0.8674384105664071
pres_GN56VuXTZXP4n2liZmNc,-1,0.0
pres_hA10XoH0Xh0dXDMkLNgW,0,0.795198623047084
pres_KD50ZzbJVHmHfqXSzJOE,0,0.7213252503386054
pres_q9Jr3WnHVi7yTHALJpXD,0,0.8334778578313728
pres_jhiztB3LUvC0OhfNXsYH,0,0.8049129228669989
pres_Vfzb4wMv8XlyS0qIEbF5,0,0.7991757299711293
pres_iitkzeSJV1EBxtEqVdCS,0,0.9169348629468553
pres_69uT3li206IEYI6Lt2cx,0,0.7808666197915942
pres_wU77N188PEJT6guXO62r,0,0.8081969261069578
pres_uOWdBitz7aXAUUAi0lSb,0,0.7002327768436613
pres_SwyM3KFN71mAoCNnsxii,0,0.6877372601322727
pres_U2v2NjtDThKyacuwX0fB,0,0.7588757495098408
pres_OSDA0V9CMQI72r0ACcpz,0,0.7516007669586398
pres_QO48EUbvbyj34PeS1PsE,0,0.8832342147734153
pres_AqWKloHDAOzywmZcCgYU,0,0.8982883101148026
pres_edSlRwuMADUn2MrqfGm7,0,0.9068023364506493
pres_T64hc6zcB5TfzOchqTPZ,0,0.8904022294625505
pres_glJlvwbybT8sfwjdJM0D,-1,0.0
pres_OWFEmsDjZRYUn8k56Smz,0,0.6793537470740565
pres_fju1mveuPsT4I6kmZvvH,0,0.790727715376298
pres_DsQOJovgY3G13vKA8qFz,0,0.8364633444430017
pres_6gEndzg75G0HguMMKF36,0,0.7490238093420399
pres_N0vNvTyJoPQtVkBIqtcM,0,0.8152920264820785
pres_R48wVxIv4AUTwLglvnM8,-1,0.0
pres_JieGTX5oscSgmxQmeD0k,0,0.7766373026431128
pres_FEoEIT7Ot1zRWQ4HJDJa,0,0.9911667623711367
pres_sQr1Qbo8lA7p6Hhqjfew,0,0.907244439134448
pres_NDAO85cTrsRjQO7H4Br0,0,0.9425081987018182
pres_XDPaptMR1GhP6hcqVBy9,-1,0.0
pres_ebOUTtTu43jZtqCXKBNo,0,0.7141247127263721
pres_60zcOfpcTDDGXUdJ5HhB,0,0.8206020789331647
pres_FlrnubAJUUSXXPgNf2KL,0,1.0
pres_vUXP99iQxdTxnP3rwiUC,0,0.6959740375985175
pres_fJvdB3gry9kpZ7NvTjMM,0,0.7574660897527999
pres_TG2bLt3hyBxaT2tqus5m,0,0.8062674722746016
pres_zrSIcJrS9ndkwly7gMKa,0,0.8709331052332513
pres_WnYSafwbjfdDjlPjBR1I,0,0.6992073041312137
pres_LFsKk1HtRyIlLlXtc0gN,0,0.9278314441756828
pres_xIVXxFNCUDi4DvaQWo5p,0,0.6771987358229851
pres_zf1imisYYsKFUwNR2bqB,0,0.8381796100014032
pres_66iJeh5Qg4aeGaxhtLOY,0,0.8202660056847981
pres_b7xf4meAL4t3Ei5ywefj,0,0.8432581846449991
pres_l6J3ULRB1LIyHcRqHTHe,0,0.8120199165997539
pres_ae7voVR4fuR64f6nTFBK,0,0.8828950009402624
pres_1mYFw9uR7JL8EDpD3CaN,0,0.8369219971218539
pres_97a3FAxk6PnJUvwRKlrz,-1,0.0
pres_9xwLwRqk9vjWhE7SNdan,0,0.9460673079405677
pres_CLW2SRRz2V5Y5As5RTLC,0,0.8708757890699493
pres_M3pspMGcqjOvKE1lAu5v,0,0.6946368971033289
pres_owyu6i1FbMxEFGrSk2t1,0,0.8223666910445435
pres_Mi3zuM6L4YwmKedkkdj1,0,0.888872866625977
pres_hxCZIieBoJVz9gwnTP9e,0,0.7965512677194744
pres_PBebZpo9V68eG0MNgwli,0,0.8614292504566479
pres_WxCL73W0EDI0PWCSbcy4,0,0.9395046930790928
pres_ipThMwQDWX3aWogX7xFD,0,0.8735700120448268
pres_MMa3mhYjtjH7mdHbxLz9,0,0.8354795756848292
pres_06h1A8ZSfCm2xipxFC7N,0,0.7926033290643102
pres_2gi0moqkwIlelP2iCzCt,0,0.9278314441756828
pres_WIFhCpoggh8s1pPMWjdb,-1,0.0
pres_xgTCQX60oJudyYWmJrRc,0,0.6889467895192943
pres_PHhPAEznL7S3O5ZBbQnO,0,0.7326390428073364
pres_JVcTHtEjo60y3XkOZpF9,0,0.8628324182864419
pres_H2YTgiyRMfU1aObpvspO,0,0.9186290492505523
pres_iI9GedBQT3WY4uNexeTu,0,0.8402679702062484
pres_codRU0AcXmWmq6e1VDfY,0,0.7516007669586398
pres_5tLOAhY4LRoOx9ZikU8c,0,0.7541340390073001
pres_SO3DJElj7t5fEClDlgYZ,0,0.8988458659804238
pres_fJHmwuCzKmeJEuhhLDMF,0,0.8014005104016936
pres_NANc9LaLT5O8Hfs70GR3,-1,0.0
pres_xIqLq6qJWdSN7LwRRKJC,0,0.9393766127257671
pres_hTeGIMpdt5DDhlA3jRU1,0,1.0
pres_wZUvwpTW3xTGlJ8veD40,0,0.9590142479923914
pres_wnIiyF4Bk4riFjogL3as,-1,0.0
pres_jXUqWxoA9ggWhwc9dSli,0,0.9764500302147882
pres_LWJwGRa7fkTFf0pMhVy3,0,0.9181544027561747
pres_YXCNZid8XpCwCpy4rFvQ,0,0.7539841413291288
pres_KPfvYlMPgRx5VI7lvm3g,0,0.9930585097900305
pres_sc29tVsRa14lZUR5EJMi,0,0.851336725659606
pres_MBZZbyabdZrsWiPhjXzb,0,0.825641613638395
pres_fcyS3sk7plGYye6W5IUe,0,0.8692905553614284
pres_0Wzp3jtoUZddsxXez4cg,0,1.0
pres_BUfmBbNcYXVdybFa7yVY,0,0.7838656142787815
pres_W3dbRZpQahvoqB4XQ6d6,0,0.7832863586267489
pres_JNpYnf0q0C1SNvxGUhIc,0,0.9323503059255157
pres_HetKgSJLC6RcplmQs6W1,0,0.7923144078309333
pres_yx9llaTEFh2iiwEzUMdC,0,0.9245274027513238
pres_8JRnbSAfpnH4H4jjS6JV,0,0.7036086556926472
pres_TbiQ3Y7zhMfuujWRRt53,0,0.8273262722882146
pres_tNnXr56FUZNFHYY3sw8U,0,0.7323462433403957
pres_wE82eSsYFc6rJHYPaBLC,0,1.0
pres_v2blPeQUnMACUh6c4fCT,0,0.7144613741742141
pres_l1qD9i9l0MQ2D1RX13k6,0,0.7709129923213149
pres_13USjGWgszBJ5lzFjX93,0,0.738771880665068
pres_iklmm8QvNQEjaVk9yR8z,0,0.7456247389711379
pres_0UpDYJR2IrZw8dObIWVj,0,0.8099682485070291
pres_eWi7FZedv9FzdBGar8gW,0,0.7952098487814913
pres_OAQherr9zcY69K7WmTY3,0,0.8217402081032317
pres_yNOYoIN5P04A4zUHXNMQ,0,0.925692249850321
pres_0EcEXYR7I0rcdF7Z6ajJ,0,0.8755154071642093
pres_zRuVkTS3T6mufIkqdcMy,-1,0.0
pres_6zwOktuUiJpZgjSAfITu,0,0.772657975046724
pres_BKgrotffXOVfQfN0jBLi,0,1.0
pres_M3XPVKXUGEp1J1lw3kn7,0,0.8069276715350219
pres_ouazEcRvsHTTWQ7JyEgw,0,0.9113672799064035
pres_AsrOF1txGIMcp9kEqFBp,0,0.8200485533201344
pres_3SK2tEahLPx2pV8P03tc,0,0.9248492263475379
pres_yWiJ1J5cx7UpAPib60Dr,0,0.9635543974202117
pres_af6pPUXIXLzM5FgWER2A,0,0.9586700671599401
pres_dK4L04NW4ZHODn7l0vim,0,0.7257116669919151
pres_KyFqvPCfcrtme2UvlxOM,-1,0.0
pres_sKQp8dQxl3TFanc8IK1b,0,0.8520537950616262
pres_3LwdbrZi6stbOxlx4TZa,0,0.9411700408625354
pres_0eOaiJ6XLJb9csWA9FNn,0,0.924874479654125
pres_OdQaKWbUs2kcSwh0CNAb,0,0.962040677249021
pres_gGo8KjXItJHqNxb5PMUd,0,0.8980603887368049
pres_67ppaRgUp40eIeYEs1MS,-1,0.0
pres_QmM9lrDhEC14EBJzNp9V,0,0.8228063256802363
pres_QnuyrCYMlaG1reVu4bnP,0,0.8863503783191875
pres_9cEfLkytREQ2DqzcEN2i,0,0.8910274424518273
pres_tO0f4p3t0jtar7n1F4pk,0,0.9212325328279969
pres_rQqkOZXRe4cRp2DBOIfd,0,0.7130400160450968
pres_0RhdLXQXwdqY5Xcw6jJm,0,0.7539954493837934
pres_IomUgFPDrbKvX9P3AZW1,0,0.9114174959503348
pres_WyyV1EdltttUwXvqqpPl,0,0.789589244935098
pres_dN1EyvS9vup1MYvRayy4,0,0.950985062402366
pres_GFFa2Uqvy4gz4DnujVBe,0,0.8488565129290423
pres_1rK1fT9hNLsWNLvxRW4U,0,0.7157430129414574
pres_lbCFArefVb5lKUSgLCv5,0,0.932175969803079
pres_9Rp0btVmvvIp38LSqOu9,0,0.8772556021824001
pres_trF58aYab6vGr05yIhwp,0,0.8529481533430757
pres_auEGchlUJ1d003R8CK4t,0,0.8132123552559944
pres_MK4lLHNgoS2PBnLaV9rP,0,0.8459246687983683
pres_bpXUZkfT2S1jS9tgHmgk,0,0.9025759498173681
pres_jyqRGsTmAjEAiR9WkADu,0,0.8661945566439512
pres_wk32SYInjmqtuCRJ9rGc,0,0.8806196203626581
pres_4BslNfiLHvHKJcG9Tmsi,0,1.0
pres_2dXMm4jWmbejYlFCFHer,0,0.8225118430177474
pres_njCjqQQVXwTJzTKcg1Yk,0,0.9236462791248612
pres_caryojaUscCqEUjioNFy,0,0.9907537265933859
pres_KgLl4KZeawlGYVGl6vio,0,0.7834386656400187
pres_r0y9JXSmxB6aS32iffzD,0,0.7789408652633392
pres_P2aXRCjI4Re8d6Wg4ziX,-1,0.0
pres_Llig59YFnDg4jt16L0VC,0,0.8158341565542336
pres_qfkxW5IkdJTXD2QWTFaa,0,0.7496065243551138
pres_fp7D4nBsMehJO3XqSQSC,0,0.8820981875479555
pres_99xdi6u43D0KM01ZUJgf,0,0.9056984295178612
pres_chhupoQ6BVEnj5oY6LBi,0,1.0
pres_Uhb5r3w7SabJj4zM56tl,0,0.7563637148266391
pres_O5B6Q0WuhiukR4XJp8Fu,0,0.9689246747162319
pres_yr5TOBXW85puquTG5LN8,0,0.929283494220867
pres_JMrjlrPuQmJAscITyc02,0,0.8362232380622163
pres_z7CzcIpj0c9HlsKz3fuI,-1,0.0
pres_3gS4HgkZmcLcKkiKTXkj,0,0.9264615516075907
pres_i1uYU4YLSP21emgGpV3p,0,1.0
pres_Y5NiTPII9PfUvH7FOM9o,0,0.8910274424518273
pres_Yx4vrXc8eETyTIuZfT56,0,0.9261245345746543
pres_zLWjcXkDIC4ZS72IAqr2,0,0.7347362621563599
pres_DXQYSrABmPJ0nDg5LsMI,0,0.8262892472427881
pres_ULvdQHqdhTChI2JXXPVv,0,1.0
pres_fLdlcrnTWd7JhecS5keT,0,0.8958400606853332
pres_tCX6w4Xlply3IcP38GOO,0,0.8515111684909573
pres_BNaELVbe5iJWZJLRWRvL,0,1.0
pres_bhsUjOjEWfiC8dpjr5kF,0,0.6777769702191252
pres_3DF7LKX5Tnq65vR7LmlS,0,0.911916090859557
pres_fNlbdWf41MN6YeKkefOp,0,0.9060208802932317
pres_vOAARPFALy2dwwCgPJjk,0,0.9056984295178612
pres_We35RM8ydoYM5Q3AkOKn,0,0.8199172294325369
pres_RpRSzBU32EyWohX4vRIb,0,0.9216625672935368
pres_godO9TyTmPjpvxUDGKHm,0,0.9508696338574312
pres_ztQZxel6vEjl5oWPeE4q,0,0.7538684150423346
pres_GCD6JLbfjztG33NXedzg,0,0.7337122725235143
pres_CnP781Nhgi4UufqU0CWF,0,0.9465573883066964
pres_GaGLwGdUHUD0CPxJRQDK,0,1.0
pres_12OhsNQuovOVr4LuyLWr,0,0.9749419511987437
pres_6l5CT2de8a1vdT9Yicf4,0,0.8666255450846896
pres_Nf33bEypHFp0pwxZB8Br,0,0.8423348585019259
pres_NmqXNS7XQJi1EYZOE5pf,0,1.0
pres_Bm4DLnOGGv1LgY5f4bJN,0,0.8489370309778903
pres_oJZ6ABPBuiozwbFGaJlW,0,0.8029800324389056
pres_bCaJTopvfFM6nZnADdWb,-1,0.0
pres_UbjPfwRGrVheRr8X7JLW,0,0.7365942348559146
pres_nWf7lRvtzdW1SiJRDep9,0,0.862266996559413
pres_inDUnh8khvjosvSQW8h4,0,0.8380281899722853
pres_58BUr6N8RyOaxRBfB1th,0,0.6926665555466229
pres_BuD6uYV5TSsr2rQgj7pe,0,0.8651487238768842
pres_bpjsehjX6O8v327MKIAY,0,0.8534928848137
pres_LIaout4mfKN0JDobqb37,0,0.9941518226439752
pres_u8sG3SgfFRTDKHd8JDuV,0,0.9364858164586253
pres_VljjItilhoGatyVFQLLv,0,0.8267261194944518
pres_HAicv7aNW8rm7KtoBkZO,0,0.8165409348665683
pres_1dOI2msKtpElLN82NhpJ,0,0.7526139125597586
pres_49ZC5HXLCqiB5e0E24T8,0,0.7881863394843506
pres_v8L0Fu2pXcHL1nmGoKDk,-1,0.0
pres_v4JdPhoUSkfe91m1Ntbp,0,0.7033761521307764
pres_MwWyInknfNewkZaXSqoC,0,0.7917826705651099
pres_swbS7BeylGopF35Pmbhj,-1,0.0
pres_HQuNLpYbazsPnTFe1ySk,0,0.985846039621228
pres_bIdl9Ot8gwxDOQLvaL5n,0,0.8116990911001285
pres_AL6Ecy4Dz4qhadyKwfD4,0,0.9890103062055895
pres_S8lZq4bGfFJT2vwEPvp8,0,1.0
pres_iG1JmarqKEL3sevcJKqs,0,1.0
pres_SF4Rl7lrFYFQ8anpEA0T,0,0.8270275711416402
pres_CEUmR5YEzLSYuyHTmeXt,-1,0.0
pres_pVCUkDEgbo7ayrpXS1Ls,0,0.7150062551719036
pres_qpTqv9S1bKQD5EKH4PK9,0,1.0
pres_LlN3v4ndFXzVgfXASYJY,-1,0.0
pres_PxZFlPj9sTSCKpitR4In,0,0.83322250450722
pres_fHrdSW4ckudRvn6iTbF3,0,0.8939464961933538
pres_dtgw16CDZtMZCeZSxkUt,0,0.9078357846456533
pres_JF2qtfouz8qIPnc3IVhd,0,0.6786284874190823
pres_Djj04W3MDhg9EvCg3an4,0,0.8111317220673523
pres_y6xYQ08AX9DdsrfETAGi,-1,0.0
pres_Gn80IYxp9w6rzQyNDrWj,0,0.8226209982788111
pres_bWFq7lhochgVheU5bFL3,0,0.8378858272220093
pres_cVDgNYwUdmYv4bbUzhNX,0,0.9314284786096229
pres_OhsOyVrBSUna1am65chb,0,0.8010026835784738
pres_N0kKKHkcVriPvWCQfO01,0,0.9700671522565139
pres_KgG35rbKYrjdeluLH7R8,0,0.7368075243398948
pres_hLawUYUg52pWROQfN5JQ,0,0.8352746356527797
pres_IBcXV0ZzozLNH13kpYrW,0,1.0
pres_VfpkvoBwI0AD9R4FuL7Z,0,0.8004545562664537
pres_RohWLxnDhYAYy29PUM2C,0,0.821556552513774
pres_4lvcCkREGzuypEFLzCg4,0,0.7956562110122275
pres_nFa822CNkhsTGjntLgaQ,0,0.7689158630477316
pres_i4szuCKSiWu4FmMaNPsS,0,0.9175096203522392
pres_rmSZiBI7rEhS3u6Palz1,0,1.0
pres_hwK3K1w1w2K5vbS4nc1t,0,0.8024678149493553
pres_Dr6hh50lxhUubAvfA8UQ,0,0.8427132237193469
pres_ZMg1JXEoEWOxnYEe0CJO,0,0.8364018922478945
pres_aD1zMOGhKmtdJCyhZE6N,0,0.8622701409746893
pres_uhj9aOntOeHyk21VI1XR,0,0.9672072279115953
pres_g9SI56Kj6td8UgEIX3qd,0,0.8185260450905968
pres_O2mFf50mlSF6YYBzWPkJ,0,0.7666182142365305
pres_lf5e9oLVvk1UQKhzPd6q,0,0.803945552210964
pres_OhcxLvESWc4nziMCU8Mh,0,0.9652088330782401
pres_qf45oHOKpZYWfmHXm9pK,0,0.8515111684909573
pres_2vlcZCLnUFYihVJiWVf4,0,0.7774460129356021
pres_RXZHHIlwAqO0pGYhwjR2,0,1.0
pres_6xGHJlZudBcgqm08WMqK,0,0.9773457673627399
pres_etguDD8MwSzusu5OqQOF,-1,0.0
pres_TG65Bm6tex7PoeBQEICk,0,0.8832779463021502
pres_esLhd344oEncoWJJ69QZ,0,1.0
pres_72KpPQqdO3tF4GNa5dPP,0,0.8723554890896831
pres_7wReoORIb1AwxLzrlCca,0,0.771919734829238
pres_1OlPvWdGAOtX2tEUPqL5,1,1.0
pres_YBZHAkJcpIAwb9rnNlKD,0,0.8318926696742542
pres_LJUd3bwPt65mcEBW9e6p,0,0.8538403348681467
pres_qT6Lb4Ap3ZkNQZJr7sP1,0,0.7159526790887607
pres_9v2jqld84Mks79l2sfO4,0,0.8642489199257851
pres_STXU6TxDyWt8QIk0Z7CU,0,0.9905821380206052
pres_r8jkDI3dN3UztJKfvv2r,0,0.868063260588447
pres_6j2TWUasSGy1iKdXQL3e,0,0.818587845643941
pres_e8WpwAfE6U2HcXVDfvEX,0,0.6919499749395354
pres_KpjcW5SZkCd96WQ3ldvq,0,0.9528323850132968
pres_jrelSoWqF3t38HtPTXil,0,0.9459185002536696
pres_hxl7NKwrmG0woykCt8wy,0,0.8154720790302624
pres_aYeF3R0ipDTTMhUKwMDH,0,0.8850919143801073
pres_vfEwVlaHSnaUAhwjUbtE,0,0.9404445021492578
pres_Vp0L2HvKQ2gWQ12UTHmM,0,0.8133361867383211
pres_2RqetrzuBPTKlnKom7Ll,-1,0.0
pres_k2Q2R7p6sRIUEnUN5VRr,0,0.7972287759669261
pres_uE0uG2tZSBcLppKDgusO,0,1.0
pres_FzSd0uqnNr0PF3X7uZbT,0,0.7777237413622239
pres_AEt7V6Msnzy6D9e5wXi8,-1,0.0
pres_SYxigubnKxMZghxmbRFs,0,0.9808432873995986
pres_lSDgUGuvneQIeNfdnBAi,0,0.7900165687242651
pres_DWLI8BXuim50NdarpiFS,0,0.8009478005446958
pres_hsbeH6tnhg7ZxlObxANQ,0,0.7769023734383866
pres_8rUadB64eLHpa4PbMewf,0,0.818900481962262
pres_QBrcvPiMbD0ecSyDjPFN,0,0.9871624776839507
pres_CNcCWYGvbwx9ZD0oo0sz,0,0.9127747970221943
pres_Cqeb1SbAgWdtlikPQp3A,0,0.9245049352745593
pres_1wPWmT0fPugVMhfBHFu5,0,0.7317472534175464
pres_Wu26AKcMSO09auZ3FLs8,0,0.6913903530756262
pres_ByCytDKdgA79QuqsZMbv,0,0.8004545562664537
pres_Cm1wjoB1ibiJCnTYKAI3,0,1.0
pres_f05I8TffIJFwdO6VNqz4,0,0.9818662965958174
pres_WNmIvFVRqTwLvGO1GTiy,0,0.8655071484322159
pres_0oSr7D9NBid0GR2eZ4FV,0,0.7338931834498003
pres_DPheuqpATUOEOsbMu6hx,0,0.9058914861886298
pres_xCQuc2OXMY3ORAM0lVIS,0,0.7965980184312261
pres_PbGRfwPjBOyMywSNl7BD,0,0.8865250904898566
pres_2NreZZnRFaLWwbhEQCGm,0,0.9492763700577014
pres_f54GgNpAefPdsQG1RrgQ,0,0.9378196195204171
pres_Z8HhHSfbEWREXmTEiWBi,0,0.7880690278188186
pres_IWC98VxH6sjQ2tsYGY9I,0,0.7971858746419963
pres_fvlTz6beR4C3OrKVJ0wR,0,0.7238391994688026
pres_UJHKWF4k2poDVWoTQjhi,0,0.9717896500210932
pres_bLRB03h7X3XBQyudboB2,0,0.8494467118837221
pres_7fMuPUxY1sRXgfmaHmJ5,0,0.9204201424034876
pres_6yNSFEa4gDk1l23HkXZK,0,0.9568199734692862
pres_qfkUfivopQvmXRJlh5ev,0,0.7105998504701008
pres_i2zLRXdvhHhMuQFHgqNs,0,0.6871789597400911
pres_myXFNxk8Z89hBQrZNimz,0,0.8721559799641938
pres_JjO2h6lvOVVmju35Nu7c,0,0.9325181523330129
pres_rbtft1e3oqe5AUtJtF9U,-1,0.0
pres_NNuUH1DJ1z9QUMnWmNc6,0,0.9381753074031214
pres_BzMLtC1rdvd2Baf06QBs,0,0.840929609593281
pres_vhBoQsyG6rU4B7z5Db72,-1,0.0
pres_TyWzIqmNxUiW2ZvrQn9l,0,0.883893263767517
pres_IWTIMEIt7RcFnPVzie49,0,0.9649256243045718
pres_8yxD5QP2HVNbbHOmNvEF,0,0.7290517971312056
pres_JBlUrrUwy6HLvzxrVST8,0,0.8900274510713546
pres_6dWY7DGpTdhFTJLlQPai,-1,0.0
pres_aLGEaBZeUmY5MaTnIkcv,0,0.8992854968587973
pres_SafzxVKWYrIkIzR2FSA6,0,0.821147772640505
pres_a15GnxwYsK5DqD4jfsJo,0,0.8433668771455798
pres_lAgtEpQC5Na84ArFWxrp,0,0.8681952521862917
pres_ojGa3ZUCuQu2LWK0BsIM,0,1.0
pres_edNTI5z870IonebeFsjN,0,0.837061503805661
pres_ExvV8q9yFi4b3pwRSKSm,0,0.7620467270708092
pres_RKSCCaMoVdnOZhhyUn8e,0,0.9415005193357061
pres_ifmrFQEXRFmgxwUFsDgk,0,0.7741786658012987
pres_cgEZsdA6bkYLnc5HydJZ,0,0.6901118226035946
pres_o5ggdb57ZRaAjmZNk7Ut,0,0.782062188384366
pres_1DmHgSTJf9wVfLNyRi9u,0,1.0
pres_7LVlS3GbCJv0ONN4bgEG,0,0.9486824231575162
pres_pGCD5JNid3oK0TDHMBNy,0,0.6926323438231919
pres_1Y1Ijy8vwKzdeq7RPxih,0,0.7752937216647413
pres_0KdhTY6rE2y9BWcOhnXm,0,0.7026988811071602
pres_k0rzLsMplqkKgimfYcke,0,1.0
pres_KJp4GJIEcvlMpiT7iYHG,0,0.8677993439712328
pres_Qc8z1PcyJzTxoGkHI1ed,0,0.8912711620589941
pres_pAJ6gkaRgX3OzesDZRAl,0,0.8459094887617393
pres_uQTpY5SVF3XEWTteujak,0,0.9921563344543972
pres_SUp6zmys3zH1HUUzFjh5,0,0.8416196440853008
pres_eL44ColKo5nM79B6jru2,0,0.9528618716952387
pres_W2VD1arR5C8M61WraocN,0,1.0
pres_VidWd2I6yELS02uFrlJ0,0,0.9619156870651328
pres_7hkiltDKZK6o3FFuk4gD,0,1.0
pres_kv3VhWy9UbBKBwI1QrEz,0,0.760997501637012
pres_PMzsAIcmoP8mYzAZKdcG,0,0.7286150629030316
pres_iSefjVU6a8e80vp8rf2O,0,0.8818168444153305
pres_aXG92mRwNQiyBxt6dF7C,0,0.9285463436797713
pres_zdpLYDEPaIbwbx5Nwm5i,0,0.7116265597661355
pres_EKgEv5t4YwzEQBzz5y0f,0,0.8536003262099463
pres_o09DnqByuxglkWCXeCwL,0,0.9641792459071599
pres_ZanbNumuFn36v78PKfRO,0,0.8682994649589337
pres_aZztMaLDVxNqS8tP8WUR,0,0.940204938659589
pres_Zikwesi5zkIuqIAFZAAG,0,1.0
pres_tSumA6HEmnTSM0OLZdiP,0,0.8644861787862553
pres_Zshh72WnMHgowUeRtLIz,0,0.8995221616365077
pres_BtQKds8dIBRc0nOlWKNy,0,0.9278314441756828
pres_aEZJGnIKKsmxb1nXGIjp,0,0.8332259423385237
pres_GgRyLsm23OGgc44nhsWy,0,0.9081724398629855
pres_80lsznFwTDTGT3ijJQtO,0,0.8395846631253914
pres_PqLe0ooBsPZDZXr267hg,0,0.786172545070072
pres_JRJx0nRC79zV8MPQpS7Z,0,0.9334310658120656
pres_fQ8eW4xqkqAJfGFwdIQy,0,0.6690938297289828
pres_Z5vEy0FlEnshu9IKv8Bj,0,0.722484018985498
pres_6luQRQxjzE65axaeHOAp,0,0.8684615888766183
pres_d3FWorEk8stBiH7Qt60Z,0,0.7179508183560476
pres_8gilj7z0VgDqnyw9n9yN,0,0.9352823602683357
pres_yf9Smaq6pXS0eUBF7iLk,0,0.8646947066027684
pres_qZU9FJvfrpuJes4sjLUL,0,0.9280850899356803
pres_XVYTodCTKayMElQnbD8o,0,0.806320036623213
pres_kFLvOMAv9nCodoKW4w7o,0,0.8495040679524859
pres_0PTVeLFTWkXORstPyirV,0,1.0
pres_SIIfCv5lLRVTXT5aAikm,0,0.6787059598011196
pres_DMQUsXDcygKC7mEXj5m2,0,0.8835834195011621
pres_Nz0qCwhcbKKmRlB6qEis,0,0.9954219256587624
pres_W7B5pLFTsLSFqLUyZgiL,0,0.7070620588396304
pres_hifeHMaGqLnab7fNudQ9,0,0.9242680786726966
pres_prZGMcjAWdKqrR1nKgoI,0,0.8381024312087033
pres_nlfPU8Rne3lTYfAaAXcY,0,0.8799129613091269
pres_mD8bmG4w2bQKIJtgIQ7A,0,0.759411373580131
pres_XYHwFLvKbIVb0aOG8Wo5,0,0.8834502150415602
pres_29FZDZ1Kp3rzrRLy28Ri,0,0.6947616912785058
pres_I3MoykU8EkX60aA0Mo56,0,0.970326938249923
pres_d1QWQSlshp7AkmdSq0fx,0,0.7759838262849628
pres_4tbZrwy3AxlHdT4ct5bV,0,0.8587354314763319
pres_Fd0dbgJ4MJS6ZTXRbsrn,0,0.8425376045830615
pres_euqGbHyo4HHAH1caE0Le,0,0.8071117097655424
pres_ya36Uz22DTNJmoqVLbfn,0,0.8313691041474127
pres_sDStcJO1QTjYKS2ZDPpq,0,0.7823400140969662
pres_yOR7MChqZy9JpW7hjmZG,-1,0.0
pres_9L9XvBT7WTUZOWjZgNXb,0,0.8702737906151743
pres_6ojG9rnlPn1XUZlKpBJ7,0,0.8431442673038362
pres_tBPwcA4fdJEI2rXhSxiR,0,0.9542540664891423
pres_we64n0tBuot7u7sgmxp4,0,0.9959672819943954
pres_tVzYXcMQL0S7fl6CP75j,0,0.8402679702062484
pres_roX7Tl5Jx7caPs8IxhRB,0,0.8879699134716091
pres_nWpRlEejsJnUYpsTcTNz,0,0.7892585331900618
pres_U3GLHjV6v8p20sCn7vFP,0,0.7836419346256875
pres_fjbOHYrPSYAFRFoo4Ae8,0,0.7749244058212199
pres_PzjQ6mPDB8G0woqAXnL6,0,0.7908550940981735
pres_DQdqbhwfuun2o6bwPFOd,-1,0.0
pres_WoWGZ48qFfdfBqhm0NI0,0,0.980435107125062
pres_Y11JNPo2t1nObBiS5evv,0,0.9168738615659818
pres_UFo50gV5QLk7A7zaQ5JC,-1,0.0
pres_BpkLpFkhDUPyYr50jxlK,0,0.8184738953199809
pres_WAIppCE7yIqUNj2apvaw,0,0.8873453438753762
pres_6Thyx3ygdHhf5i9ykp47,-1,0.0
pres_ZpEl2xlNeykv2sRQ9ble,0,1.0
pres_CT0VeYVY1mL0r47MUmFw,0,0.939734261650857
pres_cgsBjhpYgZqVwd1c9VHQ,0,0.8196844808268781
pres_n5kMuJyXIUjoxL84Et1i,0,0.9786742289372459
pres_BEiMWEoxpUmtmE9nVkNu,0,0.7114199061028978
pres_0HXPaWfOOpu04i9stLcD,0,0.7880452824520547
pres_0rFqd3F72Oxsz0nuk7xZ,0,0.8203920438350099
pres_kBHfHYTcjasQtS2czWYR,0,0.7937540435030421
pres_q315ULtmqDykWSPpXwVp,0,0.6769768739919918
pres_EuUuTwMNM6pNi1PiqbrK,0,0.9055712033277947
pres_Hyn3Z7k0inDRubVKX8ps,0,0.838407965247614
pres_I1Y4QfF7LqQJmrGw2xXS,0,0.8462292950849704
pres_316VxmMHu7mU4Yiu8KKy,0,0.9405166355058148
pres_cAZbK1oE8k0S2YMFCErG,0,0.9433777016493715
pres_TwFnaJVakw9Tb9ToPq2E,0,0.8458157409510284
pres_k5olBi88b3ndPS3u2BKc,0,0.9922470360586721
pres_s993Xe9vFfDp9ED2Cnlh,0,0.8307754892484989
pres_owI1KkNP1RnhxiLhTDyK,0,0.8578100077890971
pres_xlWcSgj2VGGggB0D5CnL,0,0.8337790867258928
pres_LO6dspF7UdknrItNYSU1,0,0.7365983809720087
pres_xlDRHYI7Wa1nVplPpnIg,0,0.783020611486067
pres_lvNtbihjeDIoszZbFlDq,0,0.8462741086975601
pres_TN0doB43RiLiCnrCOshk,0,0.8277153729055499
pres_fMnHFzB4QhDhqebplxsG,0,0.9090981197498139
pres_xoYE8F2tGO2tHf1sChGS,0,0.9330343656659357
pres_QqM17LXDADOpXTCSAZhE,0,0.8593603939600085
pres_6ZczETdqc7MX0yhRK3Mm,0,1.0
pres_SFa5z6a2aNszscIBufj5,0,0.9357907088003962
pres_8eA8SLwZqrE3ovNlDF4s,0,1.0
pres_tllOxTVdfamWTwf6GMSD,0,0.9496622337476055
pres_Y5kBhU2fCRUUOtL4UDcp,0,0.8071208010019064
pres_9dudpZqlZl3f8Oa68PbQ,0,0.9527256631420621
pres_k25Vd22wJQGLjJnJRNoG,0,0.8356076192842191
pres_5OV8HyUMTODfqNc06Oev,0,1.0
pres_MOLuFoVoyPoqIVO3Sgrp,0,0.9569063853689359
pres_IT6miMaaIRGqelcPB3AK,0,0.7704852303314063
pres_GkenJ7nhgmN6X6Ik9K5G,0,1.0
pres_nbGV3jjPwvcl17UYW48A,0,0.7225519406025229
pres_JozJdn9YZ2ZDCUXafTP4,-1,0.0
pres_bxzsmvvmlFauLPKHZCo2,0,1.0
pres_FsCPsdIBfIrtbrWUhoyr,0,0.9789089082477123
pres_fMGLA0NXLo6alZD8wSLA,0,1.0
pres_kP0wlQfWjPEran7S72me,0,0.824791355457414
pres_XarLgw1QadYhDAKaUtKb,0,0.8123066610308421
pres_tebUIDYMFD1ppXnU1Dl2,0,0.9454413938331875
pres_8chLY0gfc1BoDxMgiT8N,0,0.8999439859553943
pres_JMXGCZz1607hef83gja5,0,0.799096898826813
pres_ALJzDRul9YgNgmGLre4z,0,1.0
pres_BA3TuwJ8RMMFuEP8b0Ob,0,1.0
pres_mH5tpqFZgwplxNTiBUZF,0,0.8937942832896957
pres_CGyzMAfVZZcKdM5ZsSOG,0,0.8789993698090277
pres_PM6vnzkCmNatYA8M7Pcu,0,0.9274507474063473
pres_ztvtY4B8QvFqomJNZ9pK,0,0.7524578954774908
pres_RGfzwu8aRGLBrZMt9vLE,0,0.696301862810036
pres_vi7akbuJ0D8NwDd6nGXU,0,0.8696459886662232
pres_8Z4hoKA9aBPj7N2JTauK,0,0.824905974087482
pres_fhGmSZkhEqfNNHMPkmO9,0,0.830961159678199
pres_rVV8GVSHMHhtTpBTsjXI,-1,0.0
pres_EdkgN1QNVoRK5FE8i4nJ,0,0.8329998912970332
pres_bLEt9YHQKiEw66vy5gWt,-1,0.0
pres_z3F5H9dzEyEnrQixxKah,0,0.7813622444528207
pres_6MdN9r4vMmxyYsxXV8pB,0,0.9573429224807916
pres_6WK0hsGz7a7RIUOY5tk6,0,0.8899787592393122
pres_UysjEaeAorGL9mwn0PQl,0,1.0
pres_n4eRvIT5kBOsJ65U32r7,0,0.8204044210413537
pres_DMIVw2BxEYTBbdQWkUtO,0,1.0
pres_blnuJjcPdDoZkod0pmmW,0,0.8828950009402624
pres_Wu2YSENdnzx19RA1jvvF,-1,0.0
pres_S7tuuQvNBlQf4cVSdeiO,0,0.9390641359226999
pres_EuYDMmgSYMt3tnKVwEXl,0,0.9028991796118526
pres_NbF59Efp1boqV3VTA8Ym,0,0.7765852014137234
pres_HIBc4GBUQLKw3xXbZ8EJ,0,0.838934640562644
pres_bvpC8i7ehyC033l9b0p6,0,1.0
pres_9XeqRGl1Z3e6ONtbQ7JO,0,0.7000769943061204
pres_PUDT7xkmSVAFbpaaQyoc,0,0.801456567769635
pres_HgDbQXJRB3EA4mPWJmli,0,0.7223512821970732
pres_5G8dRGdNXAolZmN3Ctvq,0,0.7120811805233964
pres_3CUXyPAulZWi0XGQ30ge,0,0.6842792283371766
pres_uhJA4CsR3O4QScZEhb8E,0,0.8011394549271647
pres_2NOxHGDkA5lZqL5htvWu,-1,0.0
pres_ScjsyHRr9EZUB5AKdZGE,0,0.9703658098426494
pres_fzRp0n4A2tIvdOnQsxiP,0,0.894358565324806
pres_c7rWfzCnSembmyfMZDyb,0,0.7836361521218845
pres_RcWDvHFexUjfS7rCg9b2,0,0.7516755634098174
pres_LY259w43VXDpWrCBYEiW,0,0.6817771499929333
pres_6n5X1Aa7IDw7CHBOMc3a,0,0.8660570142129101
pres_dD7ps9SRNVTXcq8kNoos,0,0.8280964036804798
pres_tIEEdJySkdgnN150SS0c,0,0.9621753399220173
pres_G6EMnKmWhn38EaVvzFXa,0,0.6899019022735888
pres_KBxrT9KAQUKwL0Zln3sP,-1,0.0
pres_z2CSERxSwNfqoA3RmNL6,0,0.7668894173103652
pres_aJNdTnvogYzvZaETk8dV,0,0.7566868263123421
pres_jsFEowHt3SBqJen6p3MJ,0,1.0
pres_IPQC5lvd2b2AyoWl9hsd,0,0.9635222221078965
pres_7J8mNbDL0b6AEid2PUJh,0,0.791787000975115
pres_TS6fnmb4EUcqwHp2GW8A,0,0.7843443433572898
pres_E2MEGN8SLpdwFWryRgWk,0,0.997574696741118
pres_ciadooEcQ3ExantPaV8Q,0,0.9352972977690689
pres_O85wXehZboC6vYBoYx2V,0,0.8327509437863603
pres_FDzG7P6TF9GSOIbBJCZg,0,1.0
pres_qCXxBHB2wGeoHrHSGxID,0,1.0
pres_NoIl8yxIo5e5f27rJlPR,0,0.6745588041532232
pres_Vx9jOX3aNtvWGOCxLSD3,0,0.8184275174083984
pres_iSefgG7GzY6GmT76Iau8,0,0.9350204801071398
pres_2oBTXndHtDoKHfUwGNoL,0,1.0
pres_aJgQW7vsAaK8DpTrHRYO,0,0.6956102703812101
pres_y7HDd3lqNZdnI8sufdBp,0,0.714384770629067
pres_Xf3s8HjcR99sUugkeCe9,0,0.9813813579231551
pres_apUnJssdkXJ9WFXIbqyK,0,0.8354847603951926
pres_HFy7scaJmY6sWqBknCLF,0,0.8605053613546566
pres_VjEEzOPAhewKI0PonEnP,0,0.9183444825430634
pres_sFWeGqUM7K32aGgImafL,0,0.815758021414919
pres_zoHeB5r5hmGgNGRcpOTH,0,0.9767680161566789
pres_4jlxVFC58byQWLgfEwy1,0,0.9804808132288316
pres_bky68ELuo0qf8xzdTCWC,0,1.0
pres_rB57Tk33KeMYrYEe2lDm,0,0.7965592600605593
pres_zkW5256A5V4H5KbNWqK7,0,0.918576824572047
pres_oj36Cuu8ZFn1MgMqd4oK,0,0.9768737304559255
pres_ZoMorYVpoXbRdrldtSdZ,0,1.0
pres_ypVDp8uGFbGmroJJWC46,0,0.8283101013631695
pres_4AnaVbOTgZ0MbY45jST1,0,0.8784533650142563
pres_Zf2V7saJdkKUVayPUqry,0,0.962040677249021
pres_eT6pZONTjO7FoTaZqkd9,-1,0.0
pres_Holrd3c4p6xDpj4x8GL7,0,0.767820782891456
pres_WlNsDioezA4jCpXKPXaO,-1,0.0
pres_LYr54x0WWrqhRi9Ksx74,0,0.9153404563762052
pres_d94XgD04b9H2LQZQYtuZ,0,0.9200124836823824
pres_STueu9WxNRhzt08fzw4l,0,0.8994961816031409
pres_MWFem8QmFOnIUktFu5de,1,1.0
pres_2WvZose8ocpcsYBNh3BA,0,0.7966840258811823
pres_MEZYfxnin0vzLYGzWnTG,0,0.8692136764264731
pres_WrIOcNHfmKgmbBT3gbwa,0,0.7872993610936144
pres_5KJEYXd7yyekjihbGFrf,0,0.8966882250226806
pres_TMpOEAF49vu8nlKKuelT,0,0.9016879463228681
pres_GPoSnEOjz3PcR9ENgtnT,0,0.8251060195776077
pres_uKUPpVNWh6aukgu4XEVR,0,0.985846039621228
pres_bA1dzHWYIopOofBJyif7,0,0.8704763283834551
pres_PxeDS4hpA4j0BVZHtQA0,0,0.991603288111913
pres_FUg0arKUYKAI2CtVClYt,0,1.0
pres_3B1Xr2wIPdZls2kfZyYQ,0,0.9713608112005438
pres_TWH78Rkb1EHEqyD3tx6d,0,0.840680791549861
pres_XwT1euQ5N0YsC9vslOTK,0,0.7205237116702817
pres_ENJ9Tx43PP7h6FmLaL1U,0,0.7227589939282932
pres_iBTp8EuTixw51jqYMEaa,0,0.940135330974094
pres_CCya5ung35TM8G3zxqzj,0,0.77511482945094
pres_RvZkXheG4rm3HKFOf71a,0,0.7383996411821618
pres_5OyoQhISitiO74YMmFJU,0,0.9911667623711367
pres_VM6cCaAGKWb7cwHWNhHl,0,0.9647544095423766
pres_hJnesbtmg6hjQRdRr9gv,0,0.862915667716418
pres_eeUwUczvdJaFEumw3ynz,0,0.9399769172533438
pres_c9sEK4dzjjVF2EBW8xxs,0,0.7260592108088276
pres_4g6X1KtwMBrxaV0sOaKg,0,1.0
pres_CUVbjBfSaJrWx9nkUQyx,0,0.7458271491141485
pres_Yel9L3yWgYqEaZCjCbgl,0,0.9545700159421748
pres_kPeoI8YMIYI1BD6iJxTV,0,0.7977254200669872
pres_KTCzv4iFOvBjjDgonf8r,0,1.0
pres_wwDoQE5ULzl41CwCpIq5,0,0.92493394883301
pres_iEvSa8cv952aj10XsiGs,0,0.8722666228380547
pres_UxiflJiCV38CEMLR5mtU,-1,0.0
pres_h8QtFj4lQ8CQJ4hXiDi5,0,0.9902609488179135
pres_JnTZ48Q4psetpS0mraqB,0,0.9019874038950284
pres_OgIkGYC1V7JnzRMeVktK,0,0.8261096718960019
pres_y6FU7c63ZM2YDqAlGBjr,0,0.7162384301869366
pres_ZR7HGCd5sZmtCQFyQD9t,0,0.8352566670087308
pres_Lnc5OVl0dysAnk9CBjTN,0,0.9843105751268553
pres_esN0tibRwKU7RnAWgLld,0,0.9878656725679674
pres_GoWUlgIEXARsaaHNyFiY,0,0.7995709947479407
pres_qHBRwQhwVEN4NzyTTifC,0,0.8574379254676838
pres_nyRWW3YKENvKzKDiDeQU,0,0.8185737059847391
pres_8J6mmT0a2UxO83VJzqZG,0,0.6765770504199565
pres_gVsCbaDoCTdH0Y3TiKfq,0,0.7554553902678977
pres_AOdraWsLRclvURcNjUUP,0,0.9918276300089965
pres_ZG8yKuFd9NCNrGPAq2Hw,0,0.9653068165878076
pres_RCz9Byje7JMjTSofepZo,0,0.8745697770044618
pres_Phuxa9PmpMReP72kwrvl,0,1.0
pres_e0un25ksuzHn2C0TXx2Q,-1,0.0
pres_O5FBvNRHJiAgV2e5UgOn,0,1.0
pres_TfXgB77RG9TvgIDsPN4K,-1,0.0
pres_Lj6mPlUwuLB3EPlCysSt,-1,0.0
pres_8cFjd8Z0uIcS4J9wSP2I,0,0.9463003538069557
pres_Z4ijSJS3gddstcv5QICN,0,0.8387598652855874
pres_I7rEuQJn7SnpoEOSZD42,0,0.9106869955503896
pres_2xd50lSV5kpN7btvoNBD,0,0.9285463436797713
pres_bI7s7QM4bZZnkNIDfC7p,0,1.0
pres_8atEWMUEdQCvNtQTrWWL,0,0.7595408903644879
pres_epLofkJY7V8Cb8vw5ruw,0,0.7750273364450893
pres_qrfvvMYUI7pmU3ZQS4tw,0,1.0
pres_LFQeSqNuMuhyRR2f2eCv,0,0.8703334594472872
pres_74XOWX731AC7AAob6lKH,0,0.9974198386289526
pres_4kc3K1a7qwUwhhd3tEEz,0,0.9065393254543208
pres_BSLsy65o0z4B7Y5RPwSM,0,0.7399819615443203
pres_IpATabpF544gnnyEcFhw,-1,0.0
pres_aNO01eaoeKlsS5M2O6rA,0,0.7467555610990934
pres_3R4xmEgNbittKYm1162o,0,0.8834828328913601
pres_P8WGh34vcL29tter95JN,0,0.7980947896587235
pres_Ks43ekp7Jrohd0cXy5wy,0,0.9868072250406639
pres_VYp8f0hFOxnHOX7v3JRW,0,0.9009162454803763
pres_sW4VNxI0VdSF29CJ36XR,0,1.0
pres_p57u3QuevhpYYsmEhvZ2,0,0.7202526805068644
pres_fKpwTN8KjSmnlDt2F78v,0,0.7929716445131778
pres_POrDubtAeMa60K9jbh4t,0,0.8578454422342344
pres_FPqDgD9eIC9bZrmNZwCB,-1,0.0
pres_RqRb3VWApfIr7jzEtYQv,0,0.9087307246717903
pres_ReHNCyBfOIBSV6yjotWl,0,1.0
pres_bHbIoPjZ7v52nyvt9ZRk,0,1.0
pres_GxoCHCF2wVwTeMkmTqHw,0,0.8438901921340327
pres_sMDihBc5Qy8JgI7Fm0ku,0,0.7066006381181033
pres_sWHwRJYVQfo1W6Q3e6Ro,0,0.8399574761626495
pres_T3quAVZuNaArXNvpGo0K,0,0.8219025199942837
pres_2QO3Ygez4LZfm84Cb2Tg,0,0.8079709214782268
pres_8iWGhsEbN6vPUxPoH80m,0,1.0
pres_Pkp70ltoayU2NcZZAv4N,0,0.8241088440350433
pres_rIYRLIrCiQb2NH9yvC2G,0,1.0
pres_BerDakBHNtEkXpz9kTWF,0,0.9704176172612177
pres_bwADwBUwlvFCWP1wkSnv,-1,0.0
pres_o2XL6Hc2OfL7D6IkEZlV,0,1.0
pres_zw6aJfucbsnlW7k8uBbE,0,0.8870472643888259
pres_kso8poSqN5afej0o5wUc,-1,0.0
pres_DsZCHXmF6IbwBjFxSxfR,-1,0.0
pres_QHAVMDMenmX8kvtdqtOk,0,0.7812005407989774
pres_c4QF8KcBfm4n9HFpH0sc,0,0.8599646178310567
pres_6EmVDOtW9DejQ8IF5N84,0,0.9577799368349227
pres_6G84GI9J8DYXRTDhGrLh,0,0.7694737707920322
pres_IvcHSGNjszRZ8yIPs7Af,0,0.9032227153394747
pres_eZYlt9eV6BP3pxvZSQu6,0,1.0
pres_KG3cgVRvfBtBqoAWJ5wp,0,0.8344905283752704
pres_aEzm1u40NKBZp1BAZJ30,0,0.8456340795365427
pres_r9QPdv1RZDe0Z2fnvRJj,0,0.6824914301973458
pres_il7O8IUDCxMwvsLNUSuU,0,0.7995418432987429
pres_4RPLBx4RqR8QkkKEjtdJ,0,0.9297147219834568
pres_irEzG60z6ktOVxwtu7km,0,1.0
pres_fD19rylzfWqRX16ihk8V,-1,0.0
pres_qHcouUcWwM0RcgQQ0M1D,-1,0.0
pres_cPkQOQvzf7N7DGA6PIbc,0,0.777161354817584
pres_gLSgyAZQOwd9h9hZpAy3,0,0.9103021366588258
pres_l4UHoverCXL7cHiL1yw4,0,0.7171093087821011
pres_YxB9eLaxJSsYf29xhvXQ,0,0.6959740375985175
pres_6LftlqfUNwbbXV9OVBXh,0,0.9555476326687332
pres_2885j85gdRdKOI3CQDCa,0,0.7909507927245943
pres_AFpt8pAsJnvnIqBBTQok,0,0.8616848673933059
pres_nynATWnGvwnoXL19MWTC,0,0.9796935631701561
pres_kneDlJMmqbuHmHvdtVdW,0,0.7896105612425476
pres_zpNebqscSyFHOAe8N0hu,0,0.8866158720586453
pres_DSHdzG3BVjp0GGVe54KT,0,0.8839111653236118
pres_MH1XYuPBcqLMZgcPJmBL,0,1.0
pres_OA6DzlBqZyzVzaFIqGVy,0,0.8902035500665294
pres_6fLMIAJz2ivdxo6fmAlC,0,1.0
pres_gkQwLq2cUc2SXIDnsZto,0,1.0
pres_qogGwRHXjlXAzG0rf1UR,0,0.9660240989488778
pres_5c74xNrBa5bQuS9s0kIw,0,0.8464580924392884
pres_Bob0juuSbaMEplUNN8np,0,0.9686907580504016
pres_ldXH3ZdCJ8IVx7Z0Hayp,0,0.8137058135292238
pres_XmPzFNX79is9pEXrIpf4,0,1.0
pres_Ld5gg0u2F8FrS9sdSNlP,-1,0.0
pres_arM8kko5VpqZUcMfbYDX,0,0.8930211628398398
pres_MUDQDZrnUwfWM0se7Oie,0,0.8130105112350525
pres_Hl9ZmOzTWf1S3dM8N61J,0,0.8147154577653252
pres_T5SyggqELFYaX7ZDTs4K,0,0.6961994069651556
pres_YcqIU0N1INfpzipsUefU,0,0.7288216178845537
pres_gtyz5xT02fnFeOnZrkoq,0,0.7251474881712282
pres_5nQHAVtnAwe2zlFjbHAG,0,0.8958117610989045
pres_6yP5tYmRHnQGiGpq4Mj0,0,0.825337739534392
pres_BsKcPBhg1z6qq3SVYFIk,0,0.845945642454606
pres_somqCng2URDTQlCZVNk6,0,0.7676680525264359
pres_yBZzTetkxvbdbBzJPBwL,0,1.0
pres_L0LH24lXvWrAk233fqf0,0,0.8548121020237436
pres_qqJkv7Sbrqk2vhkJd1Wn,0,0.8654744928931739
pres_j57mYia0ijc39frXEyML,0,1.0
pres_rsRk4ANnkG5HvIqNXtPk,0,0.6758340581830988
pres_rSwz2ir0bvzqXCDN98lz,0,0.8184275174083984
pres_TSSSVgzrCgRiSqeA7Pzn,0,0.9483197688979365
pres_Z2C5CPeRNqN1RgtJYAfP,0,0.9813813579231551
pres_xC6LjuMCtaIQOA0l4kv8,0,0.7574198948534837
pres_HEpHF6EYo42mxpCAUnpd,0,0.8847842418699271
pres_w71jUoErchCuPVHSGQQe,0,0.9369371509370733
pres_utgDLIQcBo0BzUD3vWOH,0,0.7753178607376896
pres_uh2nXGx9neZdFxhUfX9X,0,0.8029896250225995
pres_YmLRRepeVhWo6cvLqmRg,0,0.9425701530372949
pres_e5h5DSxc6O2RzPPGwqlu,0,0.8014980477626923
pres_Gfwxx16NwEL98IZV3KqM,0,0.8007466533968853
pres_TggkfzGXb4LRFsNM5ktp,0,0.9491729236140606
pres_QXJwnfEHzjJdr8MqVwAp,0,1.0
pres_jE8RUIJ1oXglkY23x7oK,0,0.7876709191937632
pres_myYUm3EnYlYe4xYOK9IW,0,0.8396652233029769
pres_sLnzM4Jcz3VfXjMaQkcT,0,0.8355453941093784
pres_ZcmNKiDosYoFz9qj6f8X,0,0.7766700315618198
pres_OVqJ96u7mhA9xFgkypdx,-1,0.0
pres_RNiUm9zCpFtCSMrZCx0Q,0,1.0
pres_E7HPmxBu0knADkqZf5as,0,0.7399009619830116
pres_iphckR8igeQhKfFIYW22,-1,0.0
pres_AlSBkdbYddUYrZYC5xhq,0,1.0
pres_NVaDdNldAmNfS24gpGSG,0,1.0
pres_2etnE8gnXgTVzrHxBIRV,0,0.8644861787862553
pres_jBPQSvNN8w8MVdCzO4IM,-1,0.0
pres_5tMtfMTKCwv62IjfRexD,0,0.7171893977964945
pres_w5pMzujDY73gbb59AiYa,0,0.8185724213677606
pres_t2ZRf0Z6Q4528VPqVfcL,0,0.9343095697716219
pres_BsRyXXh7VbUNSXRbpkiK,0,0.7540465495613801
pres_a3air6ZalVmzX9Dwkn52,0,0.7241031418165106
pres_hupv1Q5Kf2777pitmgWi,0,0.9545597075437933
pres_0tw6T8csVcl7enJzFYqm,0,1.0
pres_L1ZKtuWBaXRy9g8SFd6u,0,0.8043104472346232
pres_8XIuZr18Ny0BkU0rEaE3,0,0.9523603619896218
pres_qVQgXfjxwqs4bpC7MpxI,0,0.9009838159749196
pres_MyvJCp7kKS3vHxCCsXPy,0,0.7427626203661676
pres_8PIMb0sCh7TGTauudadD,0,1.0
pres_5H7qDtacGTsIWKuSRsOT,0,0.7913721343995825
pres_qwfkDsAqTAFh7lojlmej,-1,0.0
pres_PMfjDNk65uELUqJVFxJE,0,0.881465068915281
pres_Xp6KYIEI7XNPTgfMoLcH,0,0.8793937904107653
pres_QsgajZ0SaUYOmh1iAKwM,0,0.7612367660317704
pres_6IwUDtarnHfwoNIqevWq,0,0.9794167510244642
pres_hw2JnnJ2ONEIHY9l8MLK,0,0.8024761881655346
pres_j2vJCCCQ4EjPbfUKiDgn,0,0.8964687978712528
pres_3HhTrWEAdQ66QelJitKI,-1,0.0
pres_nPgnQpiEPF5l25blWDZU,0,0.8467169410121693
pres_ezjZBWtSlXaydxPsEIk0,0,0.9810017627153226
pres_NzwenGdRoCOz8GAqFwJ6,0,0.953430663023851
pres_Nm3pvLBrPwmnjc2AhH79,-1,0.0
pres_b190URUB2L98pIlEtDfX,0,0.7565578180162257
pres_uzdkbtrUdEyyoFEo7ivm,0,0.6908403817439128
pres_zsUO5UeYCQCIBJ6M3buh,0,1.0
pres_P8UdrrOQrPuLs8IxfK4D,0,0.7898075248578224
pres_U2953DFC9rvBRffP9L2V,0,0.8183076726817206
pres_hrrA9f7ss3q28NSTAGKq,0,0.852220916500601
pres_MMGGcbxyvhBC5jzDudSR,0,0.7776167872210957
pres_cbxE5WXLnClBbgSa5m3j,0,0.9778766981971571
pres_qJorVKx7B2ti3Ch5yQDf,-1,0.0
pres_QPee0ClipiXL58NLLFjJ,0,0.7706299176086426
pres_VT0EfTH6RB3Y3CS2Skbr,0,1.0
pres_0Z4hT16uCh3G81LwyI3F,0,0.9350667625903262
pres_B2sJ6uJfv7GMO4d9442u,0,0.8372359462406974
pres_rkjasmbFXxR06uTCzXvJ,0,0.7041831737352503
pres_n01TvCoJ8Yu82klp6wvY,0,0.7497706987016032
pres_E0SbCS8iiGWepL1wVup0,0,0.9808432873995986
pres_m5vrVvHMA26fWtCgcYVM,0,0.8568168243876079
pres_YUuR7OmRrlQndAWvCUlJ,0,1.0
pres_hhYLvcVbpqMZuqggnG1a,-1,0.0
pres_tet05WyADR5rp0ZDPmQU,-1,0.0
pres_bPMzqYS0RWkgBAdLdUiM,0,0.7651625282362199
pres_iyskp3vFNtvHJWdCkQhN,0,0.8084331286160185
pres_gzFrNiDRQT8YzIhsWaTi,0,0.9387054269503604
pres_yDhazIc9OIMZ9qMSJtxh,0,0.850895772692149
pres_Xxxx5Sulm78KwSA26tb7,0,0.8929221793921497
pres_qnoNEKX7xlUNfzeXhMRR,0,0.7551109436783426
pres_tw7lygKY6vmMlpCoXZva,0,0.8306131291436488
pres_dzKFcqYtOCgcBAkLsZ4O,0,1.0
pres_8NNFHhFd8OlEnRpEA0Ab,0,0.9195437906562036
pres_znM8fbnikn57V4UIjVmy,0,0.9748221253119281
pres_vwnmzbLH8tx4ZetuKg6W,0,1.0
pres_pQZxfHGHEY5urHw1SQmP,0,0.7424176266968047
pres_6dubYFtOkFAAuz5IMyRG,0,0.8148663459651262
pres_WrWaByaVjtzdnKRkfdts,0,0.712056597779818
pres_SqPKcWc0j1x0aFRHNYxl,0,0.8056386925725022
pres_zWcfodtRhsVB7odtv5Nd,0,0.7560291963463431
pres_hOnuR99U4OJdytBGhhYK,0,0.7894581520715395
pres_TNiGZfRunpGfTnoe4jIS,0,0.9946398354101447
pres_BfwVYxP00DDgxWwEGDyS,-1,0.0
pres_1rniuBEnRmVf8KATicAy,0,0.900714438835856
pres_lXS0rfpncpOHTqjGPy95,0,0.8523959224255643
pres_ErCk8aAuhjzDcpZZ9bd3,-1,0.0
pres_0xyv9UQObRrlayksK8Bl,0,0.798285926489241
pres_QtJAjpn9X0eHIImYsEDj,0,0.8456924408187487
pres_WtnJje5EptOu1e1k68Ml,0,0.7532369926761489
pres_HpPM8aZSVIxncYv32f88,0,0.9058352690862683
pres_TZL4LWT6WQX4DulCLO5Y,0,0.9515175283844814
pres_nIImhhgkaVpQ2I0cHbaD,0,0.7776066972090462
pres_6xI4ipVIIKT4Y2kk1h2q,0,0.9275535223870901
pres_YzQi46ejqh00PwRCTMiV,0,0.7094350580638655
pres_4MHGyoTD05YxgxcE2mY0,0,0.7973842105833858
pres_zqEIz6mxxtXX0tpPWndI,0,0.7940852862150014
pres_bPRJKUcGk4Yp8veSFgca,0,0.7061566152591374
pres_pZK0DAHl5bI17frcXpdK,-1,0.0
pres_QbwQWJwHYXyrNsTx8p8t,0,0.7937031092888479
pres_jgOGydpPQ5Ik62KLHgi0,0,0.8462928250735414
pres_ByP7RDNDQaxSGZuOPECs,0,0.9712538421910922
pres_qEdiAkZ6KNAbS5iNAqfq,0,0.9293650597310006
pres_5hnvxEr9HqI7sST2GMif,0,0.8578100077890971
pres_bC8FH6xboE3BOy64HtAg,0,0.9829523589866309
pres_uYReDbdQIUEGR1hSbu4E,0,1.0
pres_inEbVBJboubRIsEkYiyx,0,0.9565026442909496
pres_tV8U4LYnnlimAeyTk0y0,0,0.9568199734692862
pres_R6FAl5i288YJkvuluUkZ,0,0.9910971946130922
pres_eexdLXAco5RAAS36yMIs,0,0.7275349105586782
pres_K7LGrEwE1bFCngbYUSa2,0,0.9496313469064517
pres_hTepGkgsn3Gqmfz8KXLE,0,0.7298552492628022
pres_ioIawq08tDcN79wcmgaG,0,0.788354221651375
pres_r8tOTEIaTEDxXzDc80ca,0,0.9633363776473044
pres_cVfwa8iVvNq2CUjAxqtn,0,0.9212309287859877
pres_H85H6mQtp2xMFs8XBVRE,0,0.6901748614380041
pres_PFZKAUAgiJpFtsCgHVP3,-1,0.0
pres_RLp6hum81AAZ3AtDyguA,0,0.8772443360652366
pres_NcNrg9Zqwf0Evhf3kNsi,0,0.8116038310461214
pres_pvmHhVDWJiQBWWwi4UrT,0,0.7240524457435301
pres_5zshBr9ydKiuT1QQ5tM9,0,0.9484595460084879
pres_vGZWPKlfrzhOz6ZVpYxp,0,1.0
pres_Na4yeW9FFDokbqZvIA5J,0,0.9808025870767707
pres_Gyav7gsShRdkmwGV85SM,0,0.7484563647305441
pres_R2oC9EqragIoFq1J6yfj,-1,0.0
pres_tyo5VsLuxhpy0SoVK4Tu,0,0.9245425500172691
pres_x8LUa2SqwKEw7msl2iNG,0,0.9443342488362724
pres_X36uyjpqBcBQgF0TZ4de,0,0.9866628000699014
pres_Nfk0WILS2ml9Urd8XW9S,0,0.8136098668008518
pres_RKn6CHLlBVbRjP2rgGvs,0,0.9195926074797925
pres_lf9hc3oeCbTB3OLQL47d,0,0.9470659121355894
pres_DXMhpOrGm8fCTqY2xJvx,0,0.9330529795477228
pres_TGANyBwzNjmFJ4z9VvDS,0,0.7772852618050475
pres_XPWwxWEoBJAKGzSHV9kz,0,0.9809148449781719
pres_6rg06C2v9VPFeY3S12k8,0,0.9091731074622771
pres_1xZrC5EIkWnrqIIZhsrP,0,0.7956643349125935
pres_zOlFF8HijdKSTlH6M57A,0,0.9608343099711162
pres_6blbqRlrXGMGzWBF2sPz,0,0.9299674536627364
pres_ZUwtx7kXnSbtGzHpxV06,0,0.7890066270076794
pres_CSfK38wLOzkPsn8RWBfo,0,0.8710850142503404
pres_CuFRuGzg3arPNvroaRId,0,0.710171616037508
pres_MgmHAaQePrHhdIjwGyeZ,-1,0.0
pres_H7G5m6SnHeHz9wxX7FlI,-1,0.0
pres_OhrcKiEF9mpbJXGCCOsM,0,1.0
pres_iBJkM9tFTMxHDIB374zN,0,0.9001097635542887
pres_GSQSwaavfXUYlj3rhFFT,0,0.8658135040370017
pres_htWOzdt8Hofbom5Jl3Ki,0,1.0
pres_L2jUTwyEgjTeRsGpIzH8,0,0.8938724450877872
pres_InVlUcXAcAbosuXbl7p6,0,0.9330052131303295
pres_fveRVefgPJ2kzyJ6w57C,0,0.9569476513949301
pres_W2nxNhcG7zGh6zIza16h,0,0.9223218186833909
pres_XBfSReBbAfzedyMEKgpj,0,0.7904815605093932
pres_QCYG3WvEqfcV1vMJ5pEv,0,0.9486824231575162
pres_GmVUVg3SxcFyhVYcFiAl,0,0.9683469294371206
pres_RrsoA0voH3mOjOGyrH2R,0,0.6720487080543373
pres_YKjy7pdCzdNLwk2n1OjB,-1,0.0
pres_4gg4wSvXCvDKDAR6V3Xv,1,1.0
pres_u9N4Tnmbqr8wGGAMVgng,0,0.6684166293667727
pres_RgYt6KVYhJkWuh3zkRjF,0,0.9729433123578368
pres_3EmSy5eiYHwszzCYxO95,0,0.8748120701075495
pres_8qCghlsTbhWWppcGt6ls,0,0.7634880728380357
pres_C9IvEsqz4Da1oQYCleXV,0,0.9758193062562401
pres_gOkmTd4Ft0tI8Y8nhUpr,0,0.8096461296842911
pres_jFYBE1s3C5oOqpcAVEvv,0,1.0
pres_1BTYJHePzx5tdGDfkc0k,0,0.7145851667281955
pres_qnaOCXW4R9mzYnpyQvJz,0,0.811248516966112
pres_gvD8bn2Px0CyGTG7sI5S,0,0.7502700514220851
pres_IltwhBWNFaNXqDN1lPvq,0,0.8865173271693872
pres_7k3d4ZcoEXTHPCgGg9Ok,0,0.8907998300115302
pres_No6qdtt9gljCYHewC4r0,0,0.8504990950986495
pres_FspOTghMrWcXqhqhFgEu,0,0.9710732540200215
pres_aE1KfAIQ0cmcK9od8mRj,0,0.6870828348534119
pres_LOFn7zkaj9Ukc1thFTGZ,0,0.8621034030486523
pres_MJB0h4b4Nk7B4Z2JaAqc,0,0.8511259499260312
pres_oMKF7tqRPhh6qM9wyVXJ,0,0.9034006354723783
pres_eN0Zv8luqSVc36wSKi51,-1,0.0
pres_Yoxs9egfuOQsfBf5ymR8,0,0.7396305608673578
pres_C6HCmaNMvomNRHHYdE4D,0,0.7259837390474286
pres_ViryzLJoTKZ2299U6qRz,0,0.8568541782160652
pres_gbb0nhcbCxKxpXHTgUJb,0,0.997537265539488
pres_3TxldddeSRHMNci0OHpc,0,1.0
pres_t65JjSAbditguXAmRHC0,0,0.8473286036769793
pres_M6X1bJYEWD0zeUOV8UBa,0,0.9150587499688302
pres_cZojE9Gt6FA2upJOfSn1,0,0.9302200974424706
pres_bL8Z5D8wPzRjuXwJoKpe,0,0.8417472525722952
pres_9PfipVki9PEIlfwU5l2H,0,0.9725710844830323
pres_DjY9nihswK0CZh0PomuV,0,1.0
pres_3wXBUXQkikahut199ihw,0,0.7692378530468479
pres_XE6rmNzJSZuJddVSjskl,0,0.873234489724626
pres_9S3CpnouLnMDgB899Kga,0,0.7356720599819038
pres_fPiFIhszSRic9nIcpqz0,0,1.0
pres_kZrhrKZBXkbOI7z6jsU5,0,0.9006305409033235
pres_uBDEQkNDvrjcvfz6L4oO,0,1.0
pres_cWDpQE4ewAeuV0bNhgYp,0,0.8035871502804892
pres_6tJe0g2GhB2GmT4ZWURj,0,0.833178728539086
pres_E7AnRmNDwJgBvIpqmCjw,0,0.9153404563762052
pres_rYM9opN4oOe6MBDEMYOx,0,0.8617901637298556
pres_8W8DqComWfj9NYGxh701,0,0.8985835045369847
pres_mTU6G8qSeQH1Y1g22ZL9,0,1.0
pres_B9j0XMRJSHlNmeU7qoAx,0,0.9937830442164635
pres_VDsLHBVBOPJCbzBfQJOd,0,0.964330698305507
pres_nnvkgwEtZkrfpJUMAaBI,0,0.8602985828531919
pres_nJ4P6YwCQNCQ0qvDgio6,0,0.9895116518016426
pres_ttz1h9bH5qU18M1I04Pn,0,0.8957705993313246
pres_o4PJ2iIqwnoIQsk6vJVt,0,0.7076564623452458
pres_LmUKluCvCQe51xa32HQH,-1,0.0
pres_YiS9Is9Hbu19PYNKxa9Y,0,0.8144147794925226
pres_XtoA7h0FqStNFeysrqtp,0,0.8877909243295454
pres_6HdZMAihaP7zgiutG8s6,0,0.8486592187872548
pres_jWWIjhVjtG99Q70jDezn,0,0.7302380035602397
pres_TtUIyXQtPxpWRyJX2V5f,0,0.7678584927912991
pres_Bxx1rEoiUVfzwAPzfJue,0,0.9278314441756828
pres_h38siQZ4WGcx3CjnpTUd,0,0.8869604501494565
pres_KUidZGeoPy7ENw79nWC5,0,0.979436584172647
pres_THsU5bQFqvqQYuqm1BJf,0,0.8939144692142069
pres_p1A3blhs42FybFrHkvbA,0,0.6678069302983664
pres_jdks4t81ffYpLD8ctX26,0,0.9307428615986704
pres_IcQ1Z0r9fNEQ0dSYFWZQ,0,0.6988772183088994
pres_5EJSvUgkMiLRHi9NZM1B,0,0.910451076499279
pres_Ni0TLf8erDdDbpTwvvNr,0,0.8482371311676551
pres_Zu4rnNJhgBPoNXzATXzi,0,0.9123204721784353
pres_Z19Gk9nvAGHhv6dBUoRN,0,0.924874479654125
pres_aZvJRzhihLuzsNCFIGr3,0,0.8080622951049047
pres_9UDKFZXcQAgnmiHfa75M,0,0.8893467991654631
pres_dziZSygAXHdxIv1vwRN0,0,0.7291154405610035
pres_BSf6lrMbtQH0gJW51A7I,0,0.8971784373785935
pres_1LOqUIFAnuWfyHoWdnjf,0,0.9661381025736695
pres_9gv1lMAk8GoWQilEOHWA,0,0.7582540156969422
pres_VORZrVCdvadkxOaeW4Cf,0,0.8552384601205079
pres_8wIfd5yKU3DK2clkdKwk,0,0.860025135521124
pres_A37e8cEcXLqdcbYl4jTK,0,0.9087084621133139
pres_gb0GbQBitXI4JJjGP1xo,0,0.847978799024783
pres_rLnbL88BYaJkDG4ju2vn,0,0.8962701819847178
pres_S27HutZmljTXpOcsqDz5,0,1.0
pres_WtnoYARDyqRS7OZWz5Pt,0,0.9281588243583466
pres_DFdOpOdVO6HHWe22k1zJ,0,0.8026905914669725
pres_VPkAXJbHUQSnGMDT17Ks,0,0.844939361338151
pres_LbwabitqccJ8Aon8NXgY,0,0.7182335569492536
pres_8Rq3pdsa8FBRmyLSREpT,0,0.8605305927237654
pres_wClllEUZXJsUpSe9tCDo,0,0.7537435142148683
pres_fPpXKAm59hgQaf79nqUq,0,0.7695403139503698
pres_M96caeHsGiMmtV2UmaVx,0,0.769374493386929
pres_ttfg2nDj1CYfEkHpuRjf,0,0.9299674536627364
pres_CD3jpxUoItRUBJT42bgH,0,0.8203920438350099
pres_HvCyLMcGuCbRgQ9of2HW,0,0.6833002715384698
pres_oPAlw0sJmkKwMHqx9fXw,0,0.7224386249350857
pres_Z0VYpgo21r5QJ48OqKxZ,0,0.8550465659246426
pres_NaCRp6rnC0pWoVJ4viZI,0,1.0
pres_Nac0RpgeQ6h9BlDAlsH2,0,0.8621637826230097
pres_n4GIzbsDFeeixtVxCUJx,0,0.7734103421299241
pres_HvLVlrvVse7J1ydJ7sEk,0,1.0
pres_FNVxrorfpDr0KaiEWtdz,-1,0.0
pres_vZqr3iVhvLN8h9tck5sT,0,0.8981016225656139
pres_SRjX1Dad8fTRYs0ms4LO,0,0.9376496019683741
pres_ffX02HBfwiVxESaG8hck,0,0.8388554093567582
pres_abY45DAK5TP60esLSqOs,0,0.7127749607451582
pres_GHUabccoOUPkxFMejQKP,0,0.770488486047108
pres_PrF7K5PnO9yiMmzBmlo3,-1,0.0
pres_AvMtLDgabFdjHGVbKCx6,0,0.7706140370346396
pres_UpLvHG4WhpoxPn74cbyR,0,1.0
pres_J0gNgneHape9CoPBiFo0,0,1.0
pres_BJybKiKwXnFIpp7YP3Ln,0,0.8048397802968795
pres_cMvKwsp03vbA3o60Gym1,0,1.0
pres_3OwNQmdrFxzmZo2KeQNB,0,0.9079800627091329
pres_NSto4Iy717nB0Ihq4opo,0,0.6993295285595915
pres_UNMjqFtustR9rEvW6Tj8,0,1.0
pres_9TLIW14qDOod3Vntqzwv,0,1.0
pres_PlbV0bDE28HpkPQI9iYF,0,0.8216557850146574
pres_fUBQV14xR0uMr478N2EO,0,0.9001591989042262
pres_9RV1vwGQ1gjpsTumjx2o,0,0.7559824060025498
pres_NA4SrOl75OPoRqr4bpDY,0,0.6947746828382534
pres_NqwB16p7AlKM6ZTDCdRi,0,0.6853476761970141
pres_vcTVbLq8YL8HjUeb6lC9,0,0.8541985657014634
pres_gwpBmCMDyjQlNt34rScK,0,0.978469556907057
pres_dEwkCKb6fyx9WeIPS1iC,0,0.8103998696054309
pres_ocyyddIduPY4aw3CZpXo,0,1.0
pres_YyzvpvCndyd106Pad2XC,0,0.9932986156213739
pres_9hWEzCgDJCrvTyPlVG2z,0,0.8746331290166968
pres_sQkVoOiCdy8vqUouKYeR,0,0.9827822457866162
pres_nkyc8FnJ1DR5q1HPt6vg,0,1.0
pres_HjtANb37c4h5HmOEgEGd,0,0.9604897656336554
pres_bkV03ahS5HGQgvR27sd3,0,0.7620099680739081
pres_dTXjTN12clhRcH9keec5,0,0.9087307246717903
pres_FGL3ikUu3FhssBrIDnJ8,0,0.8491305541709911
pres_tiEOYgzPwidCNbyy4rzG,0,0.8225378855517962
pres_hzLpchBo3IyAM29y54pX,0,0.7274839817788133
pres_aU5s29fzH5gzmzbdGU89,0,0.8661603630621901
pres_eDFJFjnIBLesqkE5GfTr,0,0.9117343485432388
pres_ZJ1xEJeMeuN1ZHm5xjdq,0,1.0
pres_SGAx8LB3IpICU7EOW2DY,-1,0.0
pres_86UEJWAi25fWvHmaF691,0,0.7698821102369456
pres_MXOnI08cBCNRP15ro0Fh,0,0.819976547389144
pres_TDW9tnM3zOHMNmZ92buH,0,1.0
pres_ObsBc7nonKJi3v2uTS9p,0,0.7897255940700102
pres_z6x6tykb1UdkKMDLSgcE,0,0.970326938249923
pres_ctqSRVX5pyenMLZxcarw,0,0.9189778082808645
pres_7FgsCJdjHG7GJbmf21HH,0,0.795251176729679
pres_KsZQa8dt8oZtq5Y3IDMI,0,0.8196110058067052
pres_zDZ5pv1jnD5isqorca2X,0,0.8003497787465735
pres_ysf2xV5nIR4Lf5LXIXKJ,0,0.9806091900633027
pres_4HPf3oF47Qr4nOqp4bGA,0,1.0
pres_6BT6NQGJPAD6Q37GsKTA,0,0.8506938453896764
pres_kLtIkeqT8V4nVlP7LFzz,0,0.696272922398406
pres_IwiSdhNAWIzwmtFHYbsy,0,0.9097551872454324
pres_29doQe1XJKSseZi0LQAh,0,0.9465573883066964
pres_X60gpytPJxeOUqiUrcqS,0,0.7581971759130246
pres_RoUnzoVQtVEiAxcuMKXl,0,0.8940789158800377
pres_dj8ZF9SfbXNRRo9dHkjY,0,0.9208285094868259
pres_YEDAaUW0nqlr45qTiEbz,0,0.8990464595302957
pres_u2h8HL71J6xdP7xhKrNL,0,1.0
pres_w7025VFItC8m9ZZFGEOc,0,0.8451107202766862
pres_IdDED6r7tDsB25buHQ1X,0,1.0
pres_o3u2aupBeaeLSYSaJcZf,0,1.0
pres_O4rlTMGcXgdqRBPEyjYl,0,0.839925634366424
pres_1iqVYKuA7RQOlDcHriNd,0,0.975202482549826
pres_LwaPgrrY7CAu1YZut9FR,0,0.8111998790887821
pres_kyFch0t57aEEzYfo8mTZ,-1,0.0
pres_Ensu4qrVd7XTnNkOzNTw,0,0.8947769983193911
pres_yjTjsXMsdLy1mz05x8lb,0,0.7368320817638917
pres_p5YbhN9ooKAHSHakePvW,0,1.0
pres_89j6weizJ6Kb68wpwXem,0,1.0
pres_RtFCUH5yL6U7BrB4NUO4,0,0.8927603350369706
pres_mdit0hEXJoW02QhkGTdP,0,0.8908924883898823
pres_Z3zOFc92odkjtQSKmUx3,0,0.6737880114588553
pres_TE9RgR18ErABtSciiBpU,-1,0.0
pres_FRxQMe4fRPccYKWsiT5w,0,0.8626375890060973
pres_DqksHf95wu3VFEyaMwED,0,0.7897079871770101
pres_CLvEaoZ996ThPHmMkskl,0,0.936310968221985
pres_sd2NOswHHCJKor5Ucisz,0,0.8485512784985247
pres_zwrjOPRTH5u8r7rO05xf,0,0.8622704411789013
pres_TxUjg44XNaaCT6gb3S9Y,0,0.8208369422422847
pres_com7AWGCAOXsq4ZrtVGT,-1,0.0
pres_ZMNlFZwRaEEYRtMHJfCc,-1,0.0
pres_rxbTX25xQI3bzqCkOoiS,0,1.0
pres_9m0njcbTA7yNbA7VHoiT,-1,0.0
pres_JovB43QQYnLFl8ampJmU,-1,0.0
pres_AXKCcLU6Hpq4oEWMee54,0,0.7828618452984324
pres_6nLQG8KdQEMZEq6t3LWz,-1,0.0
pres_HvFswxOqtygOXjaamqtP,0,0.9596930211217033
pres_8H6owW9Hvc9j0h85Xa1y,0,0.9774202434002287
pres_szwEyIejxNNKbt6t9tFg,-1,0.0
pres_BTl2U2bdKYhsKFxU1Ii8,0,0.7411367946528562
pres_SFnKFak8Qt8WW1eCPs0M,-1,0.0
pres_san2lwSCavAwd7E82jXI,0,1.0
pres_TFmTQSSCMvqyh2egqlrP,0,0.9268218727405967
pres_WLUZDdzUtUVyIrf1iVFY,0,0.7470065096385409
pres_zgUqDOqBPdzUoWCX8sJW,0,0.9009838159749196
pres_ZUhhXXA0obGL7csidG9E,0,0.9255036932603953
pres_BnEAvPDFlcJuJlbHYtvJ,0,0.9113672799064035
pres_Z98iwJHPnTdOI1m8MUpC,0,0.9249381775867873
pres_xmvEK9g8e1EqX0WNripT,0,1.0
pres_t5k7Zc43RQlVnZCyXM1x,0,1.0
pres_6E8SFZdx6zB6WcrmHzHZ,0,0.7757869322600768
pres_ocPNNzRK3zo9BWCuCjHC,0,0.9145758753542421
pres_3ANRxH5u8xFRNvoL8pKP,0,0.9065087577302243
pres_rmorhyemSM4bEkgZTEvI,0,0.7745630156986765
pres_ZqsJLDB9DWSxjdfptRtp,0,0.7242114421421832
pres_9OVviVYHJQgRFjHbhHXJ,0,0.7501241789047535
pres_22F73og1BQxt4JDZ9N7A,0,0.850558578603465
pres_fImXi69wPGH371NVhndg,0,1.0
pres_bgWYQH6dD6blHZt2y1F2,0,0.8196110058067052
pres_N9TMeCbkpZnt31Kg1C2g,0,0.7180603069927827
pres_iDCdFZHV9uVQLlpHP6iT,0,0.9238973071144948
pres_x0YAS9uAFLXsPGDXXqmg,0,0.9007396226851333
pres_XE2qeFOjsNFEPlBLU6Jp,0,0.9283802646874382
pres_NDjFmvkselbCxssPP9ZY,0,0.711030988236645
pres_xC46iHJQ6RYt95w9XUJw,0,0.983063179428902
pres_FKHlmnpHpgDee6MKKtf2,0,0.8253548159979557
pres_BsIMeBRnsxM6S1pJHuO7,0,0.9796935631701561
pres_ArWERiXwFO3YXaJiid6Q,0,0.8032767308478381
pres_4uR7K6h8hgbWKAy1hCzF,0,0.7032487180195914
pres_EavUZ8ie3dcnbrjyQcba,0,0.8567310424679522
pres_QCsgdR1b7HjrWGhOww01,0,1.0
pres_zZMzplJOGRKArdyIJj7q,0,1.0
pres_Bk8NAHhFUAnYLkS4EP42,0,0.9447168283185735
pres_tbBZxCCaENbpMnliIpC4,0,0.7564833762990342
pres_BuWLSdr5W1vNbEI5Dc3v,-1,0.0
pres_NRsmzg4hb0Uvf1CnbCnw,0,0.9009749211558178
pres_kn69b8Kmm5MU81DGKVh3,0,0.8138990072154462
pres_LO2JPSE3TCSLtXFkjYj3,0,0.7949040601051228
pres_Sh3gN5d3onbdMf6zDhOz,0,0.8847815576093601
pres_imz4O9xdxaqBNRyDf8OZ,0,0.7177684487069609
pres_EbLNjPf8dhdutUDslMKH,-1,0.0
pres_KkZtHPgbL3yS6O8EKIL1,0,0.8499359434115908
pres_Yr6FruRKxogQgbmPVON2,0,0.9595606025151856
pres_iwJVvFTOtlPGTbVaGFbY,0,1.0
pres_V5A9YQj86iCRQjozrUvC,0,0.9300409536513935
pres_3odFJkyG7ZRdix5uiXFl,0,0.895681371273337
pres_NReZ69dYouQnfLMmyZxk,0,0.9030089496137254
pres_0CWTqObvZxIUhJPpfHwF,0,0.9352625657331252
pres_XL2SmwcFJ6yypa0m9ZHh,0,0.9159592699355275
pres_tm1NnkYzEz4aWUvWq6b7,-1,0.0
pres_L2VIW7FcTGRmThmxN915,0,0.7026539894614973
pres_hlvhnM2b44tmcpaD8MO7,0,0.9344303912727929
pres_NCsXhlcgI2SAnxPI3u2V,0,0.8879160765378831
pres_LNSTc6YcDGw1rEUZqnYO,0,0.9448941953460692
pres_VYYXj2Hj2vpBrxAzJcyi,0,0.9247208511797381
pres_a09WcvkhWLHtFcSe4RTd,0,0.8875564633796018
pres_5Rm9bOo9fIOEaG3dnSJT,0,0.7929797944026347
pres_vKdvKtMPdAmfXp2RBtKB,0,0.9318299471052646
pres_ivv37BWV51IQItxIboDB,0,0.8490779160381366
pres_Dvd2sOaL2Hkf3HPLjIYv,0,0.6677106251604246
pres_xTFbA7jtDrRYEBKgfcNP,0,1.0
pres_whUoB0AAfQ9fr1aW7mZw,-1,0.0
pres_3iMkuY5IxbxvifM61hp7,-1,0.0
pres_B3TDhL7Fr9GDKq8lKcww,0,0.8850396098745396
pres_mDGR7isz72Soq53AMepE,0,0.9077961065823568
pres_KygqmxSFKNP0v8puDmyz,-1,0.0
pres_HE5eaZTXWOTjKANxPd7n,0,0.9093052305948418
pres_7MXRbS4CZQgFMLbpyOJE,0,0.8924351730873715
pres_6AVm3v1I56B3rhei8F9h,0,0.7989560339838709
pres_hw4vLITvHEKVzHTPce5r,0,0.9301235026655945
pres_q5u8GE1fxEcYuXk0TBu6,0,0.7672462308193062
pres_Cg8lPrqfqeO81DNsIgW7,0,0.8130105112350525
pres_e0nFFEYLGfD9rt9eK2ww,0,1.0
pres_Hn4JyFn54Scx1YlI8d4G,0,0.9386986804108552
pres_zgHfA9RwUxtjTnfxrzjH,0,0.8640535524255495
pres_5PJn3PpwCwlIHlFKNAjz,0,0.8289010258373354
pres_hilbKLyNbvHCVel2AKxz,0,0.7727057137581483
pres_XZTpydRkv5Ww3ZBulpLO,0,0.674662147361592
pres_rQAo5zSrDaM9kw2tu5yF,0,0.9521520808534781
pres_1NZUVmj47apic6DvPSQI,0,0.8124067058303678
pres_pS4b5GHDFK0LUrbgM7kN,0,1.0
pres_Ckn0vriFNS2n0jpYBmCp,-1,0.0
pres_PuEArlw0NLSiAuB6uLaZ,0,0.9190541255200028
pres_6iUS4SVh3x0la5NOx1Cz,0,0.8641842478241814
pres_nAR1l3ka9FcnYoiqhjEL,0,0.9293650597310006
pres_FW5MAsCuM8YuD4WhPRG5,0,0.7162796898085517
pres_nkgfxqVmKxVQ77oPjVEP,-1,0.0
pres_B29CZLS1fDxegOHq8OsQ,0,0.9367832381568226
pres_AAF6DPsRIGdQK6lPpxUF,-1,0.0
pres_HrguraW9dEptqazU90qL,0,0.881572545031165
pres_whduchuEsNo2zSGsSG1f,0,1.0
pres_VjmolRjtxe9lhoWBLNdz,0,0.696619236780612
pres_N3RxtAmODVOBagmZZ0SK,0,0.911300017915932
pres_60oMj5I4KGBNsbU4yDNa,0,0.8919334895986658
pres_0apQdvP5FP334tSodicB,0,0.9190541255200028
pres_suVqBRWwIy50B2GANgIz,-1,0.0
pres_FcV63irPkIMvxjaSNIcl,0,1.0
pres_gWkZVEPZKWIElKcYJrkq,0,0.8683194727965958
pres_SITSawQNlqmtPJlS06S4,0,0.9190541255200028
pres_9CNHxIO3589mLymSYHh5,0,0.8080622951049047
pres_6zK35TMsxLTjQSeUac77,0,0.8982800583368686
pres_jOEWLFmE1wISE8GOjxEz,0,0.8321186892011807
pres_xGhzoRQvnqJDHDOF5yv4,0,0.8560000076954977
pres_eCPH2dxkCyoJK3RmiByh,0,0.9034549363087628
pres_SrODgzgsSL8PC3Tr9zLY,0,0.7881433666239406
pres_Re0258CjHKKtX1mUrToZ,0,0.8549358063276926
pres_AUorbAcIOMFxjb8CPrId,0,0.7680505665266419
pres_Lzzi9WpnT2sMsIWXGvzg,0,0.7540453153408609
pres_A5Ul3iNZhlgc1d2EcGaO,0,0.8277794364255916
pres_c5fuvGVoX9qGI08cX762,0,0.8977842756538811
pres_dOF5YXRsiWEKnAubd6B7,0,0.8676524429881471
pres_ZOjYXXkMLCkWCwxtvc75,0,0.7424692701735779
pres_rthgHIlnyb96CbSnNod3,0,0.733615049313031
pres_CfVHJ7hUr2rAXdZDgBmy,0,0.7645210546695734
pres_LXuibzc2qOAfz2lREpf0,0,0.8818248048970863
pres_BHLef0Wy54JJp1tDuv23,0,0.8334797857051581
pres_dyC5q8UWh5tMRkfXITqk,0,0.809042825603767
pres_3fC7qH54rqi1UIaFP3CU,0,0.7686546835228053
pres_WBYiOo3PDDbsiLGKowDb,0,0.7870363013622041
pres_uBLLci9nyI4t5h4uHSYN,0,0.8459359571535867
pres_Y1NJ2R9XKKCTmRip9muK,0,0.9272038751286947
pres_yeGeZuvRHYk6KyLfuO2w,0,0.7884392520594226
pres_tirHlWCjf6aX8jWbo9sJ,0,0.795251176729679
pres_40GqQZ57U1mCXvzvF3gA,0,0.9465573883066964
pres_JBaIQ4DUOckFFtOuEHc7,0,0.9138552399849396
pres_wuIaqPADtfpA4cgOQcZG,0,0.6894515955814072
pres_E7VxtOI78ECBv0uwibgb,0,0.7019612595001816
pres_k48LcLDUDYISotsS6bFM,0,0.7919812299213362
pres_nIcAAjNIrhesL7uYRyVD,0,0.7125361891091975
pres_lqaU7FrEbDd3XZbiCqJ8,0,0.8333838717243304
pres_QmytRQyzubrMWr1p4uhR,0,0.9069676200880067
pres_xVGlshkOTnewYXEtd13Q,0,0.8885005512482392
pres_YaMHAa0rKQ2BQdvaNqVo,-1,0.0
pres_UREPm57Uurc2aTTnuYvt,0,1.0
pres_dDXeqTdps7vM3B4Lxsdp,0,0.9002714289522963
pres_GBaZ8slSXskyvy9QbX27,0,0.7043678844106107
pres_4vvNgkl2eFRhntCbaSjt,0,0.699162569845118
pres_5BLVQEW3LVWKGApKm37V,0,1.0
pres_WG3bTYpLXpIEq3GtH9xE,0,0.9161901133044625
pres_EDI3fRmtOIQ00SFrM7J6,0,0.8362749565476336
pres_UWD1Q4MbojOqnxAFdXWq,0,0.980435107125062
pres_DcQpEDvvKqsGCLJNlAea,0,0.8552134981025081
pres_Xc4SSGSX6wCthSzfvpQw,0,0.8336525125051673
pres_tnf7DtMSRuZYapVvodfX,0,0.7233045828456547
pres_uYZtHuihLQYdE5XVGAf0,0,0.7894581520715395
pres_OlSYdQPRW82ANkxAvAZZ,0,0.7798689336727156
pres_IZJVcW6p47L8a1LOXSyE,0,0.849255113321697
pres_REEGsEmjKOr63ItNxK3f,0,0.8464095216591073
pres_X154916Z2rjUDrGovajI,0,0.8651487238768842
pres_0BtLG86oXgKtIUxOIAm5,0,0.7998803454538541
pres_GEBwpm2AS83cxnbdK5Dq,0,0.8286137870715933
pres_dCXH4G4mAG6b0M6UHWoD,0,0.7930526383695443
pres_rhRM9nSxhjs8MFEPqEjU,0,0.8565514598440443
pres_bOzXjl8UcEMQ4fFs4Bh2,0,0.8453304279927586
pres_1lfJuL14RUbA41llXijY,0,0.8994488898786946
pres_JfzxnxQ0gtNPcEWSJVZO,0,0.9217851981496942
pres_yRvRs7dgtDeHl4meQ5TO,0,0.8740309404446263
pres_G86Qx0DtAHmkT7xLEBMg,0,1.0
pres_PYeA7rQoe7bj8DMGVPdm,0,0.7963391788398839
pres_9F4YQwBC33HAhvqkgJ8v,0,0.9789704447094196
pres_WaHHuu0aFLHEZ5ZDlbzk,0,0.8670167498845693
pres_j7s8Cz3PXrMWmqAZ7OIj,0,0.7927664936196771
pres_cML94CZfum7cYDZG001F,0,0.957106869505446
pres_S8dokGwqPNyBpMZpYrND,-1,0.0
pres_fVScvjqSFrlyu59KXvEN,0,0.7798689336727156
pres_PMcZA8LznHI9Z2ZExlLa,0,0.8840137557662123
pres_304OPP6xc9icHS8i2Qxr,0,0.8791124073132418
pres_NojHbSHmSBUqdqljpzWp,0,0.7714855476322183
pres_8mwluHnaacPZk4qmk0g3,0,0.9190541255200028
pres_y1SlerCDA12fuFELUiXR,0,0.8241018649976791
pres_59T6Ey5CNHjkEo8PFsRi,0,0.9624501386679551
pres_BefAFFAea7nUcLWkH4PM,0,0.9032669607058551
pres_pqfwvlMVKcsJKmGVhFvZ,0,0.8948365865140859
pres_8vgxWJcB6o3U1vuVJXRQ,0,0.6936314987132585
pres_p2828GKmmFR2RAQcVvQF,0,0.7505407393405678
pres_Y0yA2wHMZtwW9w0FR7QC,0,0.7654798029703141
pres_ORwlxHW84lbXRaPzQE2o,0,0.7694540823089054
pres_ahNsvclCNR6sbLusP78Y,0,1.0
pres_lhUaN7SQeRtVN3sCUvtR,0,0.931401048243008
pres_7chORouw1WHjcRlCDPTV,-1,0.0
pres_Yotzd3FicuaCQ97Cef0x,0,1.0
pres_OiJ6W8EidYSAnprudfss,0,0.8462973950040784
pres_p4yi70zkDtt0gK4SqFTr,0,0.8891592926139426
pres_QY9SCX5uGSF8h4cPeTo4,-1,0.0
pres_mHEUt9Atmp4MruxGaLcT,0,0.8030475093151681
pres_T95YP0CayNfQZ863YfRU,0,0.9219478493438502
pres_MJZu9ZaCHkYM2uYaZlpf,0,0.7813622444528207
pres_f5kj9qBsJKPOROzIZDIC,0,0.6685335406772254
pres_uaZ8nUPkh6uBXlKe5NbC,0,0.9383084444675116
pres_jJr1wI7gQIIXChBFgPGa,0,0.8626451165978954
pres_gDQ2pwTDKcdKQiC6c6mY,0,0.8216618030757492
pres_utZKzE4VqVcMc0dblf5K,0,0.8690729172113503
pres_n7FY5VriFICAiw3A6NOf,0,1.0
pres_bytQ7NXfxleQScfqxhqO,-1,0.0
pres_b08dGguccatXAdrqL0ti,0,0.7908291431770728
pres_lsX9NnIwmocihDDwhFOa,-1,0.0
pres_glKx8KdxAGEIjMIligaR,0,0.8780904200914522
pres_DauZBaCQwF7shKeGTLd7,0,0.7939787344743116
pres_ZGRaRV2JlJixwru1wZjl,0,0.9336763342157856
pres_3HTC3URHcTXUqxs8mJWe,0,0.7103296784780068
pres_Rjn6PVNHxapiM5DNaT5n,0,0.9555934580238753
pres_V1SVoG8yhmnyp2nyx2m5,0,0.9814551192972398
pres_0SIq8eKTpyJG7moLYadk,0,0.8615567448718212
pres_IXVlxfVpwedSbftDFhEe,0,0.6991998270875359
pres_x4glDZbDQpW4CMDgqm41,-1,0.0
pres_yumA0cZmupZEi3uQdhFG,0,0.8533034221432784
pres_7XTzKFwV8xq9jDC8tD0s,0,0.9866628000699014
pres_fEIa7Uu96LucrrAzi603,0,0.7930814204752252
pres_oHl3ctBUx2ePpXFHHqki,0,0.9498699919360981
pres_rh9lEMNQ4g2fScTmpRWo,0,0.9183612452225411
pres_UqIbYHA5H5Ucdi2ZenS0,0,0.9845444925970199
pres_yIQZ0lpCSR5KGpHzkHHV,0,0.9106418873784787
pres_0Y1tMlvMr4rbgdG7ImFZ,0,0.7215897522984273
pres_JV7N4IFUkjIMF6FmayhS,0,1.0
pres_EMtfGboq6SEv1a038Xie,0,0.8287398089740095
pres_hVMZ7LQrExQRsyTHKlnX,0,0.9789936456999166
pres_Z0e6ZxrxyUQozoRj2kML,0,0.7918047360987526
pres_gUvNZtOWqRX3El3cTDwH,0,0.736363568177107
pres_ypPenDzVSS2VUCL6j4Qp,0,1.0
pres_f8DiEl5tfhzoESLTHTBg,0,0.9934545651211297
pres_9YmzBUBLCiEFowrXBhOk,0,0.7768234186120693
pres_1czi8Gp9QveZobim62WV,0,0.7696177214674227
pres_gvbHlkTN1q3zhnt1g1Dh,0,0.8938235223512397
pres_y47O61SXfIcgXaWmJVr5,0,0.8539495513584502
pres_3lm2BdLsxmohiI2pOczo,0,0.7989999873968843
pres_yHpIE3aNPZ4sgV2rHA7S,0,0.8130105112350525
pres_LorK2efx5xkNv68qLexm,0,0.9611964727340281
pres_UQI2sDB0NWMZb500GLh5,0,0.7870638885756202
pres_HEc3nHZTjoWR0dYCYMHh,0,0.7952495414259062
pres_7u87GMCWVnvztyOzShFx,0,0.7359446731318783
pres_9OaUWDhIWZ1YCPW30Y5I,0,0.7559666105327593
pres_oFwqsXJS9Jgk9QQxf7zG,0,0.9774363484038067
pres_cSUnKgOheEzDDzv3YdcM,0,0.7025901402932402
pres_yTMX3XnSpEW6F8RVCn11,0,0.8366579727755975
pres_JTuSk9NnNZxK3brYpoak,0,0.8185829679349456
pres_KCpyqmnUUGUo1r992nwq,0,0.9652088330782401
pres_s26hTIG19ts8Bm1gpDfC,0,0.9831645010920121
pres_2vmj7IuTjrenzDIZIFBi,0,1.0
pres_QIz0KNr4tHYufIDbZv6F,0,0.6900937160619146
pres_WoLccTTH7J4bu7WLv3ey,0,0.8891592926139426
pres_6Le9URZqj0EYdcFzrDog,0,0.7527584341708611
pres_JIJN2J7c0CO0On9dIPxi,0,1.0
pres_JhtaqpgGaLrjmYpcn8kt,0,0.7886763170577195
pres_dIo5fG8ub0KFPxEGHCyo,0,0.6959740375985175
pres_zwmPSBYxYGJFKGVJxmVa,0,0.8128365528096679
pres_UxeG2PZhRa7ABk5hZozz,-1,0.0
pres_s75o3F7HStCVTjLucMUr,0,0.8435558666462004
pres_barAzqB4kGY24NTLTyjT,0,0.975202482549826
pres_gdxX7j3E55dxDvODj9p3,0,0.970337593713421
pres_V2w7j9etEms3xxv2y1W4,0,0.7788041872955831
pres_JVuIdu3bpgZExgUI0HIF,0,0.8900274510713546
pres_4goEt8goIbd3GGQMFQgN,0,0.7522013417832676
pres_Y7YYRpTVJLmPHCerYDzo,0,0.9352823602683357
pres_FQ2KlgoXXwAzeDABrdvC,0,0.9257474482060488
pres_9EULnqL81h5RL1h4FF14,0,0.7974582877624268
pres_s6G4rF1I3TPk86IzIb87,0,0.8537826430008848
pres_eJNEa00nZc1ZLes3Dd9Q,-1,0.0
pres_GZLsly0AlSvc3lLBrYpc,0,0.6837173897812994
pres_bxgdFHSz84CGUJBrnCfR,0,1.0
pres_mcAqh8xg86QB5NtQDRgr,0,0.7208969416119234
pres_sJa5aUjT0XBxIvAKUXcI,0,0.8899607764787475
pres_WJhyQ2ocymJPVX4pCU93,0,1.0
pres_SKQKZHvtiAGWpyxmkm47,0,0.8355634204352321
pres_ltLKy1yAdeJumK8HWf90,0,0.9662753318725744
pres_omHb9kCWOepPQjk0Dvxt,0,0.9867420222312341
pres_whMHH3NI1O7Ie3GSNuvM,0,0.9730244344445041
pres_lbtgxFxXUYmtv1zYEt72,0,0.9019788247783901
pres_eM3cQIHA9R1GLt0pSn8g,0,0.793604127448833
pres_9yNXIT9ZrOm1Ui9wSxwU,0,0.9905821380206052
pres_M7y8HX98iDERaZq6bLhx,0,0.9210282203081277
pres_j8pRGhnLinfp7Voxr7WS,0,0.6972806594877066
pres_68bB7DmjKzL8ooDOxB2T,-1,0.0
pres_gorIlJPHeZ93Ehy4XghL,0,0.9302200974424706
pres_C10cdpkTBZ6w3UHtdfkd,0,0.7428648020057201
pres_YYjesbp3NWSoiJ9TqQe9,0,0.8838152750058587
pres_MDW1p6Dmo2vrCURER92O,0,0.6669572928039393
pres_JvxTt9GHWXGWESZ3S3Ig,0,0.8353185612662205
pres_1Iw61snfMNx6khurXKGV,0,0.790427030793191
pres_MTKrjj8CWK035hA0yn1z,0,0.9791077788602358
pres_wZ5rFip3u0aSg50ruNaL,-1,0.0
pres_duSPo4g327Qd5ncCmdou,-1,0.0
pres_DVWRSqdJ8wwTc4bNg8AK,0,0.9528618716952387
pres_U1XDYucAYu8FwkW02VE9,0,0.728936307752498
pres_DoWhJmAIPjgkTZKzBHoW,0,0.9869722494138354
pres_otwXQUAFStXngBiSHm2L,0,1.0
pres_luKI6LFjo6ycjaZHyCQi,-1,0.0
pres_6PJpVcmbdh5fOok6Locy,0,0.9973232515154425
pres_Jes1zCk3RCaRH01mEDk5,0,0.7566327298836708
pres_oMrCwCkgRz2E1xmghBYR,0,0.8025461249815286
pres_SwhPtNGpyMEQJfbPOAqb,0,0.8277970044038626
pres_EXq8nVia84kfQ3KT6YCs,0,0.791723353571809
pres_VyPouyEXMNCMILBtWQCV,0,0.9449097525740808
pres_Vz7eVYAKgW9XzGXeDApS,0,0.6845147758548337
pres_Er9uGSsfb6r6vfEv494w,0,0.7644520292676539
pres_ofCgRLLpTeB4btke5wbf,0,1.0
pres_pnvsoiH9myaWxMEEP0mM,0,0.7718971963241361
pres_nF357BY4iOpNRVJ6xJ7d,0,0.9318838087026954
pres_wsffKfRaDXAY4VV0pply,0,1.0
pres_Jc4Z7PzAZ6G0QyhQJYvC,0,0.8578777308402177
pres_knwu8T2A8G1tNnK7YcfO,0,0.782893152432435
pres_BbdBnUS1M6YRqGPogrDv,0,0.8697337634176445
pres_yWg0aUlXKr7ByYQ1JpwF,0,0.8053402054302924
pres_rdErev7qJB4A7hFSSfzy,0,0.9111792432508917
pres_ugWALQ9RFBTLmJHN3zLs,0,0.953918815648567
pres_uVIuO5yzZ7EcTu1f6S1Q,0,0.6937005290953304
pres_pmWnMsQTn6Iok4x04Jdl,0,1.0
pres_GUhCssDMqujetEKrHgsL,0,1.0
pres_P29ybtQbBH25TSzqri8V,0,0.978469556907057
pres_aPuYIaGWVrSRJ88LGiUu,1,1.0
pres_Ht9SzEmePhDVtuiuFFU8,0,0.7338044493324548
pres_jYZUvuCVtajNfaa1T3OQ,0,0.9653068165878076
pres_5HrZaFicswQQOOJehXCs,0,0.9248520959026555
pres_YD4cWiduPlyeNBnQsQZN,0,0.788900786553147
pres_WmHjkeQC8hdcR8w2aRUt,0,1.0
pres_or2WKHGxPHPUvWGD4T97,0,0.8810032655151866
pres_0ayYDEeTgM0TSmslG38t,0,0.8602335387073045
pres_c1u0q0k9ol8Rgbap0TKB,0,0.7508062042303122
pres_ONaKetcRD5zzJL3CTKng,0,0.9849236446516486
pres_d0IDphLUDL1qajGIixzT,0,0.8221554090528332
pres_tFRWLY3UBhq0A7nzhsW9,0,0.7431052546780125
pres_eFqRS0qq5KLioo1AGWgh,0,0.9688292144449812
pres_GjL7N7tDLjBNJ2S0cUJF,0,0.9601565812020444
pres_reVMbHO4RNHjRGtQJiZV,0,0.9411899796415972
pres_QtnwkQPf59vpTpjN4T1X,0,0.7719071515439594
pres_1W1oR59CG7nfoeiDLsIs,0,0.8889645780723252
pres_JPxc1SyzdXREbHMHqeKE,0,0.8043104472346232
pres_csEwwsOjlbrR4PYdS4rX,-1,0.0
pres_I11OI6XIq5fqjHInLHeH,0,0.9029529552367332
pres_gbvtfmdZOKmXPEywh6N4,0,0.9273993255086315
pres_vxoYyWG1obad6NqXw9u4,0,0.9475249780345117
pres_ZLvbAZMst3YfxTIRhl1P,0,0.9134592354528096
pres_B6tZJx12KUL7yJUv5WxU,0,0.7288043818787845
pres_EbM4pFWEO4zgp0dD75EN,0,0.9378128011559824
pres_OASM2qB7XW9lzrYqi6CQ,0,0.8313159496692409
pres_HXmAGLDSuFqAASxzng3y,0,0.7421866220592638
pres_WxOBKSlQTWYo5uts3pdk,0,0.9364293330910672
pres_mqsWSIje6vSiNeOaMiPs,0,0.7783600472676546
pres_GeO1EF4Bi1VhTbGO24iX,0,0.773724599319193
pres_wkDfzXDUWM40Dorqfgkm,0,0.9322903198284492
pres_Go4uMSB7FE70Zbfdh2CH,0,0.7908943155283843
pres_b62WI1VfaJbvEYse3Uu8,0,0.8458906948034752
pres_VbcmuMIaEc4BfFoCLivC,0,0.754631067944201
pres_PHKwMnLI2bCBRiegk94w,0,0.8218041920846894
pres_3z3khopzkrdMuqvNR9Hh,0,0.9482781598997555
pres_Z1OyUk0W7yTR1TLN59kq,0,0.7607032289547254
pres_BkQRYWbFPuvcnQgHD0r3,0,0.9175671870823804
pres_M71bN98lV1AK93gquhdp,-1,0.0
pres_7M26gfw3XgOzAGFeUQOe,0,0.8099982164477686
pres_Gxc7h9H45aGBJJLHz80z,0,0.8135644442281313
pres_ioA4CIeVStHN9HrvZJ4C,-1,0.0
pres_7fUjXrpnXCvy88o0fkgW,0,0.8857807385340953
pres_jBmogBs2u871TtwtP1bf,0,0.9246986697270831
pres_sft3byQZvux54zqLVHlH,0,0.9572961021101409
pres_0Hwl4fG8snprA0DpbiNQ,0,0.9951437068739689
pres_QV4ZmXl6zJgLYjqf1VzV,-1,0.0
pres_RjnOVylKP3dFOGVLjWNT,0,0.8248033140167039
pres_KS2cUbnPjQ8ns2joCBrX,0,1.0
pres_TZggXzuNsg8r08GsfmZx,0,1.0
pres_fdh5TteiPThsY23YMnca,0,0.9969458359454343
pres_oC56o7jmGvxTiEEPr8XC,0,0.9329078329834811
pres_PaDfyWSBxGbQO5UZzVhW,0,0.8538197170156672
pres_PZLKvi0VCmg9z7kvMFzA,0,0.670373919668473
pres_nK38jgRvNSP3vj3LSbDT,0,0.7750155905721579
pres_zgsjDShhdTDXF5fjsHyf,0,0.75430386650954
pres_0H7AjoVP0ZY1cxBeMy5q,0,0.8453304279927586
pres_6laPAqrx1AeKdxczrdjT,0,0.7798689336727156
pres_ClHrAh82tWyiaM2aES5g,0,0.9971547227718446
pres_U5z5NGR9H8Yd0lV2VKQa,0,0.9056217542546903
pres_3wsQPzFqqGAeuWbNH5ci,0,0.9867765383647434
pres_e51PKWo9LspsbKWN7RLl,0,0.8822274105435112
pres_ZQifcvWjc3LzvfXgf7LA,0,0.9465573883066964
pres_K0foJnT4T7O4KsNUT3YT,0,0.795271924598044
pres_oORVxQvZVFZ45qweUZuU,0,0.9672763068598252
pres_82YKRTtUmbaDbN7hmvpo,0,0.8518283980224002
pres_199tYjvAO5wo51zRzjTa,0,0.8564641508312651
pres_uC7ScUSORdtHkD51hmEV,0,0.9773457673627399
pres_ngkRZYJBefCL6tZp1EKJ,0,0.7590731469816615
pres_HYWfrjGpzvzx4IkQ27QG,0,1.0
pres_4CXrLBsOvUkIebMkb5JP,0,0.967113853888626
pres_GVVzl0RRgDdTQ2zTak3W,0,0.8307456367894168
pres_G9D0NoqxG0j2ZqKgQp5r,0,0.7084939470484893
pres_h5Tr2bSYMBjfs0gfn2a1,0,0.7905117643352315
pres_2Yb9Fq3aHoXe4z5ctpyf,0,0.7291439989127918
pres_ipy0v1L2yvyUp3rQwUmG,0,0.991106120362662
pres_3YD8HOr67AY8abKCu0Gy,0,0.7618254232357634
pres_1R0ILi7GgLI4ENSfpT0V,0,0.9264973304120598
pres_0L88msyKxFHALC4t2RFd,0,0.988604357293247
pres_2weXJfD4JTZmNAyhbTtj,0,0.7645206587041239
pres_3Xp8tFC6en5O5OhhvKey,0,0.9438712813778145
pres_fk3aACLiKlXTfDlu11sy,0,0.7908550940981735
pres_pgPtKhTc0pzecCs1AxFO,0,0.954608757463014
pres_zWTYA0lCyjvZulq2lOaU,0,0.8559021298014872
pres_wB8ohmcDfvyoDOXvwT4W,0,0.7823165250865846
pres_2PAMqSCiYucIXmf5Zoqg,0,0.8017669790687603
pres_NZvvVdf7DrwN27eJjoI7,0,0.8908060421723015
pres_O4qrx0weEi0IC8sdEeWh,0,0.9379818161120405
pres_lYg0MifqleJJZVrFRlSG,0,0.9003482097045141
pres_zAL3S6sYKvPmYJalPwju,0,0.9420505554075805
pres_MH3uP40EpwPhpRPjCaHd,0,1.0
pres_wxRJFci72V5soaStCdmH,0,0.8467831090225892
pres_Sp1YbebXPQnOcw9kIxo4,0,0.9680605049517932
pres_6PKC1Yamtf8spuTmZ7cs,0,0.9520442947485365
pres_N8VSR7dyNUJ8Sje1J76P,0,0.8266803706072134
pres_UHCoSlidb3sqx0CYiWqU,0,0.7442956675947168
pres_8gV0Qua9QfNhvWgB6Mi4,0,0.8657077668491386
pres_7EVHlN7hPA4hPB27TM1i,-1,0.0
pres_IvaMMWuJpWdsGIrAb87n,0,0.78982115391227
pres_9yBPbboKyT8n5fnXOVOQ,0,0.7871553497892649
pres_Km9s0MoSVoByEKWjhvMl,0,1.0
pres_LfgvSMWMnhFtne4n66sU,0,0.7176328901568473
pres_pQQWZeF8ZOKEYNzIUEMz,-1,0.0
pres_fh4U3YtFtC6ZHSzRrFo2,0,0.6817664482715124
pres_DflZBKQiaQZ1T6H49UmZ,0,0.9672763068598252
pres_OptraenybkAhwxcAdoOW,0,0.9687265584746471
pres_S9Vsm1QZsFQIWC8tTo36,0,0.9030089496137254
pres_9Tl5wx9EzB6zKPFiA4Nv,0,0.8283401185859077
pres_xHEVmdWKz7AJTWDJejnQ,0,0.8043104472346232
pres_PYCFc6u9OQdQiCrUz89t,0,0.9010296026847194
pres_u9htrTWElNubEYAzB6cM,0,0.8163782622596062
pres_iChad1Bb1k5SWNGdHALU,0,0.9628153735532974
pres_SmknDvb6CfCpbMd3kYEO,0,0.967869550058631
pres_i4DWhDzr3UWwFLH5c2tP,0,0.8315708321110239
pres_pNnaPa3iXLDAANoFLaNu,-1,0.0
pres_UXCbiKi2z2xxlu1npp05,-1,0.0
pres_unNeap3VCYK7LEneplOz,0,0.9570506249541249
pres_OuwLeIwTIpdhxlpeGZma,0,0.8466043001433387
pres_IfsPTOG1p91R5nkHScns,0,1.0
pres_4RoQfGjlzjp4REn9prON,0,0.8750530587114046
pres_oSPQImPfQER32pC6fveH,-1,0.0
pres_4aCrENKG99G72XQHV5Xt,0,0.809876344311317
pres_6GBEZ5vmpDpqDG6IAruV,0,0.8117573784494416
pres_Kg1G3YEQmWvzbeaRAIMP,0,0.7287100938688216
pres_It0swvw8HciWKdfX753y,0,0.9877388909883964
pres_Q52rCApv8N5rj3OndNF0,0,1.0
pres_KkKLq1sAiWUmrwJBtiuT,0,0.8824833831471414
pres_qdlgXarXxfcxxDdLoVde,0,1.0
pres_jvMyxajrqQhvA7B4XZ2C,0,0.9278314441756828
pres_ErcEmIfEyMqBCEsUfdlf,0,0.7844314582721601
pres_0loZrxW0H8cVJh0TUGJ1,0,0.7506341671257871
pres_lRf6eWrSOHFSc14tWVan,0,1.0
pres_mVXi3vZQfdhkcB6cRQNt,0,1.0
pres_pU7G0oxmQl2B2IzBmLiY,0,0.8799007316089472
pres_dObwC7aNLvF0Yd45upU9,0,0.8964431099489424
pres_jttnWjg11yHDUp8C0rqX,0,0.8145452236743966
pres_SUbJtn0PWaXcRQleC7fL,0,0.8894718845517652
pres_V7dkFEum5v1c0mRWu8AT,0,0.8053402054302924
pres_Db0ETnPncg1W5k5l1YMk,0,0.7470775318374494
pres_VH6F8nhdYtCbmmsmI1sQ,0,0.7799896114664489
pres_WOBsFw5vWsNkGoSFW4y9,0,0.7814145765060941
pres_CXdfTFedcGENJGVeb0Ij,0,0.9399115727531081
pres_5Y8qTlNImgUj9YIvJlOt,0,0.7331819454373921
pres_hfe4kfytv1IIkQumMid3,0,0.7748176320737288
pres_7kegluEtScpBmXSJtk5K,-1,0.0
pres_tArQykXJFwPPxIhvErlR,0,0.9414622081317727
pres_xfwoDU5bkO6xUY27EOYY,0,0.7179637122884541
pres_FiyxHCeVEmL7IL5WY3zw,0,0.7285994033986751
pres_ZsGmFachId4TiNxHr9Gy,0,1.0
pres_6ilN2dI17yOdl9kegcwz,0,0.8058271103652006
pres_J9dgsYvqPVnptJ4ufmql,0,1.0
pres_9VH4K0xxmOjGMZGnPCdF,0,0.8065587347560162
pres_52unnYdCTuM9CNabLIgY,0,0.8384941205420575
pres_iVjpVhGOKmLWxk1QMpRi,0,0.9366712686361749
pres_OOV8V65EruJygy2RfhmO,-1,0.0
pres_9iFzU3OrJE0OdwlNHr8G,0,0.9533364158515262
pres_iOOFQFxWYEqRymOwIco8,-1,0.0
pres_GUC5vZnDi3rvzPWM3hR9,0,0.8696059547723185
pres_dLVU9dYgm5i54rj40sF1,0,0.9395046930790928
pres_43BEgzaEqxyfyYtjg3YJ,0,0.7645481410695715
pres_30ss1tNqx1SBOveOmM8l,0,0.7883080225956687
pres_Hva67yWr6J2XLnHp2N5t,0,0.7686702988347383
pres_FyNGVwfRiQBzq0fJoxTc,0,0.7284023312106096
pres_17JRrovY3zwqwBYRRaZt,0,0.8831002708562397
pres_oXgkEaomNZpfoDq0OqYo,-1,0.0
pres_V6ZYVoums2Hg7xfb560R,0,0.9909157935611929
pres_9UQydzGJNaEqPyjwly3Y,0,0.7903175551458878
pres_9fRaQdyfHsvKABbQvkLw,0,0.9975836728936052
pres_GHFGMMlh7x4jJsG6ljn9,0,0.767913535861461
pres_WzuoOS3yziEwrHqdI1YH,0,0.6722282084171317
pres_6Uq0PFZA8s1GU8Ct1eKc,0,0.877180188571926
pres_YS7Cre8oF0zBpl80RGgL,0,0.6953111839802559
pres_YbBBpEpCbKEBJ239cYwG,0,0.8130105112350525
pres_1CMbeOKvj8FXfVIEqp44,0,0.7389453631428576
pres_8faDBjUz5ZR1YG84zEbZ,0,0.9821422839930146
pres_Hxe80dyPXC9pHA9W4Gyz,0,0.9013883442449547
pres_h5RyhhGrskSF3vLA5Www,0,0.7021652740078529
pres_Ia3p7YwaFRbNpsALxCb4,0,0.8489683817163554
